"Species","Plot","Subplot","Treat.Code","Year","Date","flo.a","flo.b","flo.c","avg.flo","sd.flo","n.ind","avg.seed.inf","n.seed.ind","cov.g","p.viable"
"Agoseris heterophylla",29,"No Grass","W",2016,2016-04-24,4,1,14,1.4,0.547722557505166,5,45.4,63.56,NA,0.954436451
"Agoseris heterophylla",56,"No Grass","C",2016,2016-05-20,0,2,5,3,0.707106781186548,5,21.4,64.2,NA,0.954436451
"Agoseris heterophylla",5,"No Grass","W",2016,2016-04-24,2,5,14,1.6,0.547722557505166,5,56.7,90.72,NA,0.954436451
"Agoseris heterophylla",50,"No Grass","C",2016,2016-04-24,7,3,8,1.2,0.447213595499958,5,30.2222222222222,36.2666666666667,NA,0.954436451
"Agoseris heterophylla",30,"Grass","C",2016,2016-04-24,0,0,16,1,0,5,5,5,35,0.954436451
"Agoseris heterophylla",15,"Grass","W",2016,2016-05-20,0,0,5,1.4,0.894427190999916,5,62.2857142857143,87.2,25,0.954436451
"Agoseris heterophylla",92,"No Grass","C",2016,2016-04-24,8,10,1,1.6,0.894427190999916,5,45.6666666666667,73.0666666666667,NA,0.954436451
"Agoseris heterophylla",23,"Grass","W",2016,2016-04-24,3,5,5,1,0,5,31,31,30,0.954436451
"Agoseris heterophylla",5,"Grass","W",2016,2016-04-24,3,0,18,1,0,5,28.1666666666667,28.1666666666667,30,0.954436451
"Agoseris heterophylla",49,"No Grass","W",2016,2016-05-08,2,3,2,2,1,5,40,80,NA,0.954436451
"Agoseris heterophylla",19,"Grass","W",2016,2016-04-24,0,10,0,2.2,2.68328157299975,5,48.8888888888889,107.555555555556,30,0.954436451
"Agoseris heterophylla",98,"Grass","C",2016,2016-04-24,1,10,4,1,0,5,0,0,75,0.954436451
"Agoseris heterophylla",19,"No Grass","W",2016,2016-04-24,0,0,13,1.8,0.836660026534076,5,51.9285714285714,93.4714285714286,NA,0.954436451
"Agoseris heterophylla",84,"Grass","C",2016,2016-05-08,1,0,11,2.2,0.836660026534076,5,32.25,70.95,40,0.954436451
"Agoseris heterophylla",93,"Grass","D",2016,2016-04-24,4,8,8,1.4,0.547722557505166,5,35.4,49.56,25,0.954436451
"Agoseris heterophylla",30,"No Grass","C",2016,2016-05-08,0,1,15,2.8,1.30384048104053,5,26.3333333333333,73.7333333333333,NA,0.954436451
"Agoseris heterophylla",81,"No Grass","D",2016,2016-04-24,2,11,3,1.4,0.547722557505166,5,55.5882352941176,77.8235294117647,NA,0.954436451
"Agoseris heterophylla",96,"Grass","C",2016,2016-04-24,10,5,3,1.2,0.447213595499958,5,29.7142857142857,35.6571428571429,30,0.954436451
"Agoseris heterophylla",49,"Grass","W",2016,2016-04-24,1,7,1,1,0,5,NA,NA,90,0.954436451
"Agoseris heterophylla",37,"Grass","W",2016,2016-04-24,14,2,1,1.2,0.447213595499958,5,15,18,30,0.954436451
"Agoseris heterophylla",82,"Grass","C",2016,2016-04-24,3,9,5,1.2,0.447213595499958,5,30.875,37.05,10,0.954436451
"Agoseris heterophylla",23,"No Grass","W",2016,2016-04-24,10,3,6,1,0,5,42.7272727272727,42.7272727272727,NA,0.954436451
"Agoseris heterophylla",99,"Grass","D",2016,2016-04-24,0,5,1,1,0,5,0,0,90,0.954436451
"Agoseris heterophylla",17,"Grass","W",2016,2016-05-08,0,0,15,1,0,5,36.5714285714286,36.5714285714286,80,0.954436451
"Agoseris heterophylla",81,"Grass","D",2016,2016-04-24,0,1,7,1,0,5,18.6,18.6,80,0.954436451
"Agoseris heterophylla",18,"Grass","C",2016,2016-04-24,3,2,12,1,0,5,51,51,40,0.954436451
"Agoseris heterophylla",55,"No Grass","W",2016,2016-04-24,10,5,2,1,0,5,16.1111111111111,16.1111111111111,NA,0.954436451
"Agoseris heterophylla",95,"No Grass","D",2016,2016-04-24,5,10,6,1.2,0.447213595499958,5,39.6666666666667,47.6,NA,0.954436451
"Agoseris heterophylla",59,"No Grass","W",2016,2016-04-24,3,6,10,1,0,5,38.7142857142857,38.7142857142857,NA,0.954436451
"Agoseris heterophylla",89,"No Grass","D",2016,2016-04-24,3,4,12,1.6,0.894427190999916,5,37.1578947368421,59.4526315789474,NA,0.954436451
"Agoseris heterophylla",89,"Grass","D",2016,2016-04-24,3,7,11,1.6,0.894427190999916,5,34.4,55.04,10,0.954436451
"Agoseris heterophylla",91,"Grass","D",2016,2016-04-24,3,2,4,1,0,5,NA,NA,50,0.954436451
"Agoseris heterophylla",82,"No Grass","C",2016,2016-05-08,0,0,12,2.4,1.14017542509914,5,50.5,121.2,NA,0.954436451
"Agoseris heterophylla",83,"Grass","D",2016,2016-04-24,0,10,6,1,0,5,14.6,14.6,80,0.954436451
"Agoseris heterophylla",15,"No Grass","W",2016,2016-04-24,8,4,8,1,0,5,67.2,67.2,NA,0.954436451
"Agoseris heterophylla",37,"No Grass","W",2016,2016-05-20,0,4,2,1.8,0.447213595499958,5,33.5555555555556,60.4,NA,0.954436451
"Agoseris heterophylla",95,"Grass","D",2016,2016-04-24,1,7,9,1.2,0.447213595499958,5,34.9,41.88,30,0.954436451
"Agoseris heterophylla",18,"No Grass","C",2016,2016-04-24,2,6,10,1.4,0.547722557505166,5,52.1666666666667,73.0333333333333,NA,0.954436451
"Agoseris heterophylla",83,"No Grass","D",2016,2016-04-24,2,2,15,1.6,0.547722557505166,5,57.5,92,NA,0.954436451
"Agoseris heterophylla",17,"No Grass","W",2016,2016-05-08,2,1,11,2,0.707106781186548,5,50.1111111111111,100.222222222222,NA,0.954436451
"Agoseris heterophylla",99,"No Grass","D",2016,2016-05-08,0,6,12,2.4,1.34164078649987,5,32.2857142857143,77.4857142857143,NA,0.954436451
"Agoseris heterophylla",56,"Grass","C",2016,2016-04-24,0,5,9,1,0,5,27.6,27.6,70,0.954436451
"Agoseris heterophylla",97,"Grass","D",2016,2016-04-24,0,5,9,1,0,5,15.2,15.2,60,0.954436451
"Agoseris heterophylla",50,"Grass","C",2016,2016-04-24,2,5,5,1,0,5,8,8,70,0.954436451
"Agoseris heterophylla",97,"No Grass","D",2016,2016-04-24,9,6,4,1,0,5,38.7272727272727,38.7272727272727,NA,0.954436451
"Agoseris heterophylla",55,"Grass","W",2016,2016-04-24,2,6,4,1,0,5,3.66666666666667,3.66666666666667,80,0.954436451
"Agoseris heterophylla",98,"No Grass","C",2016,2016-05-08,8,3,0,1,0,5,16,16,NA,0.954436451
"Agoseris heterophylla",92,"Grass","C",2016,2016-04-24,3,6,5,1,0,5,17.5,17.5,25,0.954436451
"Agoseris heterophylla",96,"No Grass","C",2016,2016-04-24,10,8,2,1.4,0.547722557505166,5,41.2222222222222,57.7111111111111,NA,0.954436451
"Agoseris heterophylla",93,"No Grass","D",2016,2016-04-24,1,10,0,2.2,1.78885438199983,5,45.9,100.98,NA,0.954436451
"Agoseris heterophylla",29,"Grass","W",2016,2016-04-24,2,0,6,1,0,5,0,0,50,0.954436451
"Agoseris heterophylla",91,"No Grass","D",2016,2016-04-24,0,8,1,1.4,0.547722557505166,5,43,60.2,NA,0.954436451
"Agoseris heterophylla",84,"No Grass","C",2016,2016-05-08,3,4,12,2.8,1.48323969741913,5,44.2857142857143,124,NA,0.954436451
"Agoseris heterophylla",59,"Grass","W",2016,2016-05-08,3,1,0,1,0,4,22,22,40,0.954436451
"Clarkia purpurea",49,"No Grass","W",2016,2016-06-08,0,0,17,2.4,1.51657508881031,5,20.24,48.576,NA,0.966666667
"Clarkia purpurea",89,"No Grass","D",2016,2016-05-20,6,2,10,2.8,1.09544511501033,5,20.1818181818182,56.5090909090909,NA,0.966666667
"Clarkia purpurea",23,"Grass","W",2016,2016-05-20,1,4,3,1.2,0.447213595499958,5,18.5,22.2,30,0.966666667
"Clarkia purpurea",19,"No Grass","W",2016,2016-05-20,1,5,15,4.6,2.07364413533277,5,33.4,153.64,NA,0.966666667
"Clarkia purpurea",55,"No Grass","W",2016,2016-05-20,9,3,2,1,0,5,12.6666666666667,12.6666666666667,NA,0.966666667
"Clarkia purpurea",50,"No Grass","C",2016,2016-05-20,9,1,4,1.8,1.30384048104053,5,24.8888888888889,44.8,NA,0.966666667
"Clarkia purpurea",18,"Grass","C",2016,2016-05-20,3,6,11,1.6,0.894427190999916,5,18.5625,29.7,40,0.966666667
"Clarkia purpurea",5,"No Grass","W",2016,2016-05-20,0,1,21,1.4,0.894427190999916,5,32.2,45.08,NA,0.966666667
"Clarkia purpurea",29,"No Grass","W",2016,2016-05-08,19,1,0,1.6,0.894427190999916,5,26.6111111111111,42.5777777777778,NA,0.966666667
"Clarkia purpurea",37,"No Grass","W",2016,2016-05-20,1,2,8,1.6,0.894427190999916,5,21.6,34.56,NA,0.966666667
"Clarkia purpurea",83,"Grass","D",2016,2016-05-20,0,0,9,1,0,5,4.07142857142857,4.07142857142857,80,0.966666667
"Clarkia purpurea",30,"Grass","C",2016,2016-05-08,22,1,0,1,0,5,12.7142857142857,12.7142857142857,35,0.966666667
"Clarkia purpurea",84,"No Grass","C",2016,2016-05-20,7,2,5,2.4,1.51657508881031,5,28.304347826087,67.9304347826087,NA,0.966666667
"Clarkia purpurea",17,"Grass","W",2016,2016-05-08,0,5,0,1,0,5,13.4166666666667,13.4166666666667,80,0.966666667
"Clarkia purpurea",83,"No Grass","D",2016,2016-05-08,16,1,0,3.4,1.34164078649987,5,33,112.2,NA,0.966666667
"Clarkia purpurea",23,"No Grass","W",2016,2016-05-20,1,9,11,2.6,1.14017542509914,5,27.5,71.5,NA,0.966666667
"Clarkia purpurea",82,"Grass","C",2016,2016-05-20,1,6,9,2,0.707106781186548,5,25.8461538461538,51.6923076923077,10,0.966666667
"Clarkia purpurea",81,"No Grass","D",2016,2016-05-20,0,0,16,1.4,0.547722557505166,5,16.5625,23.1875,NA,0.966666667
"Clarkia purpurea",49,"Grass","W",2016,2016-05-20,1,1,11,1,0,5,17.8,17.8,90,0.966666667
"Clarkia purpurea",17,"No Grass","W",2016,2016-05-20,1,10,9,2.6,0.894427190999916,5,22.8461538461538,59.4,NA,0.966666667
"Clarkia purpurea",59,"No Grass","W",2016,2016-05-20,10,2,6,2.6,0.547722557505166,5,31.4666666666667,81.8133333333333,NA,0.966666667
"Clarkia purpurea",96,"No Grass","C",2016,2016-05-20,16,3,1,1.6,0.547722557505166,5,20.5,32.8,NA,0.966666667
"Clarkia purpurea",91,"No Grass","D",2016,2016-05-20,2,4,4,1.4,0.547722557505166,5,29.8,41.72,NA,0.966666667
"Clarkia purpurea",82,"No Grass","C",2016,2016-05-20,4,1,9,2,1,5,21.5833333333333,43.1666666666667,NA,0.966666667
"Clarkia purpurea",55,"Grass","W",2016,2016-06-08,0,0,10,1,0,5,7,7,80,0.966666667
"Clarkia purpurea",95,"No Grass","D",2016,2016-05-20,0,2,8,1,0,5,18.8,18.8,NA,0.966666667
"Clarkia purpurea",18,"No Grass","C",2016,2016-05-20,3,3,17,1.8,0.836660026534076,5,20.4,36.72,NA,0.966666667
"Clarkia purpurea",29,"Grass","W",2016,2016-05-20,0,0,16,1,0,5,11.5454545454545,11.5454545454545,50,0.966666667
"Clarkia purpurea",84,"Grass","C",2016,2016-05-20,1,1,5,1.8,1.30384048104053,5,32.7,58.86,40,0.966666667
"Clarkia purpurea",96,"Grass","C",2016,2016-05-20,2,2,3,1,0,5,10.5,10.5,30,0.966666667
"Clarkia purpurea",92,"Grass","C",2016,2016-05-20,6,7,2,1.6,0.894427190999916,5,26.6666666666667,42.6666666666667,25,0.966666667
"Clarkia purpurea",91,"Grass","D",2016,2016-05-20,3,2,10,1,0,5,6.77777777777778,6.77777777777778,50,0.966666667
"Clarkia purpurea",56,"Grass","C",2016,2016-06-08,0,0,17,1,0,5,5,5,70,0.966666667
"Clarkia purpurea",37,"Grass","W",2016,2016-05-20,1,4,10,1,0,5,12.0909090909091,12.0909090909091,30,0.966666667
"Clarkia purpurea",5,"Grass","W",2016,2016-05-20,0,0,8,1,0,5,9.72727272727273,9.72727272727273,30,0.966666667
"Clarkia purpurea",92,"No Grass","C",2016,2016-05-20,6,3,4,2.8,0.447213595499958,5,32.0833333333333,89.8333333333333,NA,0.966666667
"Clarkia purpurea",56,"No Grass","C",2016,2016-05-20,10,2,6,2.6,0.547722557505166,5,27.2,70.72,NA,0.966666667
"Clarkia purpurea",93,"Grass","D",2016,2016-05-20,0,0,4,1,0,4,12.8333333333333,12.8333333333333,25,0.966666667
"Clarkia purpurea",30,"No Grass","C",2016,2016-05-20,1,3,12,2.2,0.836660026534076,5,25.4705882352941,56.0352941176471,NA,0.966666667
"Clarkia purpurea",59,"Grass","W",2016,2016-05-08,17,1,0,1,0,5,9.7,9.7,40,0.966666667
"Clarkia purpurea",98,"No Grass","C",2016,2016-05-20,0,1,15,1,0,5,8.38461538461539,8.38461538461539,NA,0.966666667
"Clarkia purpurea",93,"No Grass","D",2016,2016-05-20,0,0,3,1,0,3,9,9,NA,0.966666667
"Clarkia purpurea",97,"No Grass","D",2016,2016-06-08,0,0,5,1,0,5,14.6,14.6,NA,0.966666667
"Clarkia purpurea",15,"Grass","W",2016,2016-05-20,1,1,3,1,0,5,17.1428571428571,17.1428571428571,25,0.966666667
"Clarkia purpurea",99,"Grass","D",2016,2016-05-20,3,0,4,1,0,5,4.5,4.5,90,0.966666667
"Clarkia purpurea",19,"Grass","W",2016,2016-05-20,0,0,21,3.8,1.48323969741913,5,32.6923076923077,124.230769230769,30,0.966666667
"Clarkia purpurea",15,"No Grass","W",2016,2016-05-20,1,6,16,1.4,0.547722557505166,5,17.6842105263158,24.7578947368421,NA,0.966666667
"Clarkia purpurea",95,"Grass","D",2016,2016-05-20,2,3,9,1,0,5,6.54545454545455,6.54545454545455,30,0.966666667
"Clarkia purpurea",81,"Grass","D",2016,2016-05-20,5,0,13,1,0,5,7.71428571428571,7.71428571428571,80,0.966666667
"Clarkia purpurea",89,"Grass","D",2016,2016-05-20,2,0,9,1,0,5,13.3125,13.3125,10,0.966666667
"Clarkia purpurea",50,"Grass","C",2016,2016-05-20,1,0,11,1,0,5,4.30769230769231,4.30769230769231,70,0.966666667
"Clarkia purpurea",98,"Grass","C",2016,2016-05-20,0,0,3,1,0,3,3,3,75,0.966666667
"Clarkia purpurea",99,"No Grass","D",2016,2016-06-08,0,0,15,1,0,5,15.6153846153846,15.6153846153846,NA,0.966666667
"Hemizonia congesta",83,"No Grass","D",2016,2016-07-27,10,3,0,10.6,3.36154726279432,5,4,42.4,NA,0.71728972
"Hemizonia congesta",50,"Grass","C",2016,2016-07-27,6,1,0,3.4,2.30217288664427,5,3.4,11.56,70,0.71728972
"Hemizonia congesta",91,"No Grass","D",2016,2016-07-27,6,5,0,6.4,4.50555213042752,5,4.4,28.16,NA,0.71728972
"Hemizonia congesta",15,"No Grass","W",2016,2016-09-02,0,12,0,18.4,20.2805325373867,5,3.4,62.56,NA,0.71728972
"Hemizonia congesta",81,"Grass","D",2016,2016-07-27,3,2,1,3.2,1.30384048104053,5,2.4,7.68,80,0.71728972
"Hemizonia congesta",97,"Grass","D",2016,2016-07-27,1,6,6,11.8,12.61744823647,5,3.33333333333333,39.3333333333333,60,0.71728972
"Hemizonia congesta",18,"Grass","C",2016,2016-07-27,6,4,0,17.4,10.7377837564369,5,5,87,40,0.71728972
"Hemizonia congesta",23,"Grass","W",2016,2016-07-27,8,4,0,6.2,1.30384048104053,5,5,31,30,0.71728972
"Hemizonia congesta",30,"Grass","C",2016,2016-07-27,5,6,3,4.4,2.19089023002066,5,3.8,16.72,35,0.71728972
"Hemizonia congesta",96,"No Grass","C",2016,2016-07-27,9,3,0,4.8,2.28035085019828,5,4,19.2,NA,0.71728972
"Hemizonia congesta",15,"Grass","W",2016,2016-09-02,0,4,0,25,20.1163283594862,4,2.4,60,25,0.71728972
"Hemizonia congesta",17,"No Grass","W",2016,2016-06-23,2,1,0,1.66666666666667,0.577350269189626,3,3.8,6.33333333333333,NA,0.71728972
"Hemizonia congesta",5,"No Grass","W",2016,2016-06-23,1,5,0,1.4,0.547722557505166,5,4.28571428571429,6,NA,0.71728972
"Hemizonia congesta",23,"No Grass","W",2016,2016-07-27,8,7,0,6,4.24264068711928,5,4,24,NA,0.71728972
"Hemizonia congesta",59,"Grass","W",2016,2016-07-27,5,5,7,11.2,3.70135110466435,5,4.2,47.04,40,0.71728972
"Hemizonia congesta",99,"No Grass","D",2016,2016-09-02,0,0,11,18.2,7.46324326281812,5,3.8,69.16,NA,0.71728972
"Hemizonia congesta",81,"No Grass","D",2016,2016-09-02,0,0,8,15.6,6.73052746818554,5,4.4,68.64,NA,0.71728972
"Hemizonia congesta",93,"No Grass","D",2016,2016-07-27,9,6,2,10.6,5.7706152185014,5,3,31.8,NA,0.71728972
"Hemizonia congesta",92,"No Grass","C",2016,2016-07-27,8,5,1,5.4,3.57770876399966,5,2.6,14.04,NA,0.71728972
"Hemizonia congesta",50,"No Grass","C",2016,2016-07-27,5,2,2,7.5,5.74456264653803,4,3.8,28.5,NA,0.71728972
"Hemizonia congesta",96,"Grass","C",2016,2016-07-27,10,4,0,13.8,6.53452370108182,5,3,41.4,30,0.71728972
"Hemizonia congesta",49,"No Grass","W",2016,2016-07-27,6,1,4,5.5,2.38047614284762,4,4.8,26.4,NA,0.71728972
"Hemizonia congesta",82,"Grass","C",2016,2016-07-27,7,1,1,5.8,4.43846820423443,5,4,23.2,10,0.71728972
"Hemizonia congesta",95,"Grass","D",2016,2016-07-27,4,2,10,9.4,8.64869932417586,5,3.6,33.84,30,0.71728972
"Hemizonia congesta",55,"Grass","W",2016,2016-07-27,7,6,3,8.8,4.32434966208793,5,4.6,40.48,80,0.71728972
"Hemizonia congesta",56,"No Grass","C",2016,2016-07-27,8,2,5,4.6,2.60768096208106,5,5,23,NA,0.71728972
"Hemizonia congesta",49,"Grass","W",2016,2016-09-02,0,0,17,18.4,10.285912696499,5,4.8,88.32,90,0.71728972
"Hemizonia congesta",92,"Grass","C",2016,2016-07-27,4,4,1,5.8,4.26614580154031,5,1.8,10.44,25,0.71728972
"Hemizonia congesta",18,"No Grass","C",2016,2016-07-27,2,3,0,11.6,5.98331012066064,5,4.6,53.36,NA,0.71728972
"Hemizonia congesta",84,"Grass","C",2016,2016-07-27,5,2,0,7.4,5.02991053598372,5,4.4,32.56,40,0.71728972
"Hemizonia congesta",89,"No Grass","D",2016,2016-09-02,0,0,12,8,9.61769203083567,5,3.4,27.2,NA,0.71728972
"Hemizonia congesta",5,"Grass","W",2016,2016-06-23,3,1,0,1,0,4,3.83333333333333,3.83333333333333,30,0.71728972
"Hemizonia congesta",91,"Grass","D",2016,2016-09-02,0,0,14,18.4,7.56967634711023,5,4.2,77.28,50,0.71728972
"Hemizonia congesta",56,"Grass","C",2016,2016-07-27,11,4,2,8.6,4.72228758124704,5,4.16666666666667,35.8333333333333,70,0.71728972
"Hemizonia congesta",83,"Grass","D",2016,2016-06-23,1,1,0,1,0,2,4.2,4.2,80,0.71728972
"Hemizonia congesta",59,"No Grass","W",2016,2016-07-27,8,1,5,4.4,2.19089023002066,5,3.71356693620845,16.3396945193172,NA,0.71728972
"Hemizonia congesta",89,"Grass","D",2016,2016-09-02,0,0,12,13.6,8.41427358718505,5,3.4,46.24,10,0.71728972
"Hemizonia congesta",37,"No Grass","W",2016,2016-07-27,2,1,9,7.5,3,4,4.6,34.5,NA,0.71728972
"Hemizonia congesta",95,"No Grass","D",2016,2016-07-27,6,9,0,13,10.2713192920871,5,2.6,33.8,NA,0.71728972
"Hemizonia congesta",19,"No Grass","W",2016,2016-07-27,7,2,3,4,2.34520787991171,5,2.8,11.2,NA,0.71728972
"Hemizonia congesta",93,"Grass","D",2016,2016-07-27,3,2,4,13,6.04152298679729,5,2.8,36.4,25,0.71728972
"Hemizonia congesta",17,"Grass","W",2016,2016-06-23,6,2,0,1.4,0.547722557505166,5,2,2.8,80,0.71728972
"Hemizonia congesta",30,"No Grass","C",2016,2016-07-27,2,2,4,8.25,4.78713553878169,4,4.2,34.65,NA,0.71728972
"Hemizonia congesta",98,"No Grass","C",2016,2016-07-27,4,6,5,4.4,0.894427190999916,5,4.2,18.48,NA,0.71728972
"Hemizonia congesta",97,"No Grass","D",2016,2016-07-27,3,1,9,8.6,7.16240183178799,5,2.6,22.36,NA,0.71728972
"Hemizonia congesta",37,"Grass","W",2016,2016-07-27,2,6,7,5.6,2.60768096208106,5,3.8,21.28,30,0.71728972
"Hemizonia congesta",99,"Grass","D",2016,2016-07-27,5,3,1,6.6,8.64869932417586,5,3,19.8,90,0.71728972
"Hemizonia congesta",29,"No Grass","W",2016,2016-07-27,5,2,1,9.4,4.50555213042752,5,3.6,33.84,NA,0.71728972
"Hemizonia congesta",55,"No Grass","W",2016,2016-07-27,9,1,4,6.6,4.4497190922574,5,4.6,30.36,NA,0.71728972
"Hemizonia congesta",29,"Grass","W",2016,2016-07-27,0,1,6,5.8,2.48997991959775,5,3.4,19.72,50,0.71728972
"Hemizonia congesta",82,"No Grass","C",2016,2016-07-27,0,1,0,4,NA,1,3,12,NA,0.71728972
"Hemizonia congesta",98,"Grass","C",2016,2016-07-27,6,4,5,5.6,1.94935886896179,5,3.6,20.16,75,0.71728972
"Hemizonia congesta",84,"No Grass","C",2016,2016-07-27,9,1,1,5.4,2.60768096208106,5,4,21.6,NA,0.71728972
"Hemizonia congesta",19,"Grass","W",2016,2016-09-02,0,0,12,3.6,1.94935886896179,5,3.2,11.52,30,0.71728972
"Lasthenia californica",5,"Grass","W",2016,2016-04-24,0,1,0,1,NA,1,NA,NA,30,0.545238095
"Lasthenia californica",17,"No Grass","W",2016,2016-04-24,0,8,0,1,0,5,37,37,NA,0.545238095
"Lasthenia californica",23,"No Grass","W",2016,2016-04-24,0,2,0,2,1.4142135623731,2,49,98,NA,0.545238095
"Lasthenia californica",19,"Grass","W",2016,2016-04-24,0,3,0,1.66666666666667,1.15470053837925,3,67.8571428571429,113.095238095238,30,0.545238095
"Lasthenia californica",56,"No Grass","C",2016,2016-04-24,0,9,0,1.8,0.447213595499958,5,30.2857142857143,54.5142857142857,NA,0.545238095
"Lasthenia californica",5,"No Grass","W",2016,2016-04-24,0,3,0,1.33333333333333,0.577350269189626,3,62,82.6666666666667,NA,0.545238095
"Lasthenia californica",98,"Grass","C",2016,2016-04-24,0,3,0,1,0,3,NA,NA,75,0.545238095
"Lasthenia californica",17,"Grass","W",2016,2016-04-24,0,4,0,1.25,0.5,4,50,62.5,80,0.545238095
"Lasthenia californica",49,"Grass","W",2016,2016-04-24,0,11,0,1,0,5,13.8333333333333,13.8333333333333,90,0.545238095
"Lasthenia californica",29,"Grass","W",2016,2016-04-24,0,1,0,1,NA,1,NA,NA,50,0.545238095
"Lasthenia californica",89,"No Grass","D",2016,2016-04-24,0,9,0,1.6,0.894427190999916,5,31,49.6,NA,0.545238095
"Lasthenia californica",95,"No Grass","D",2016,2016-04-24,0,3,0,2,1,3,53,106,NA,0.545238095
"Lasthenia californica",15,"Grass","W",2016,2016-04-24,0,2,0,1,0,2,63,63,25,0.545238095
"Lasthenia californica",23,"Grass","W",2016,2016-05-08,0,1,2,1,0,3,NA,NA,30,0.545238095
"Lasthenia californica",56,"Grass","C",2016,2016-04-24,0,3,0,1,0,3,2,2,70,0.545238095
"Lasthenia californica",82,"Grass","C",2016,2016-04-24,1,3,0,1,0,4,26.6666666666667,26.6666666666667,10,0.545238095
"Lasthenia californica",84,"No Grass","C",2016,2016-04-24,0,7,0,2,1,5,55.6666666666667,111.333333333333,NA,0.545238095
"Lasthenia californica",49,"No Grass","W",2016,2016-04-24,0,4,3,1.6,0.547722557505166,5,31.2222222222222,49.9555555555556,NA,0.545238095
"Lasthenia californica",15,"No Grass","W",2016,2016-04-24,1,2,0,1,0,3,44.125,44.125,NA,0.545238095
"Lasthenia californica",30,"Grass","C",2016,2016-04-24,0,2,0,1,0,2,NA,NA,35,0.545238095
"Lasthenia californica",96,"No Grass","C",2016,2016-04-24,0,7,0,1.2,0.447213595499958,5,35,42,NA,0.545238095
"Lasthenia californica",81,"Grass","D",2016,2016-04-24,0,5,0,1,0,5,6,6,80,0.545238095
"Lasthenia californica",55,"No Grass","W",2016,2016-04-24,0,4,0,1,0,5,24,24,NA,0.545238095
"Lasthenia californica",97,"Grass","D",2016,2016-04-24,0,3,0,1,0,3,NA,NA,60,0.545238095
"Lasthenia californica",82,"No Grass","C",2016,2016-04-24,0,7,0,1.2,0.447213595499958,5,42.8571428571429,51.4285714285714,NA,0.545238095
"Lasthenia californica",92,"Grass","C",2016,2016-04-24,0,11,0,1.2,0.447213595499958,5,25,30,25,0.545238095
"Lasthenia californica",81,"No Grass","D",2016,2016-04-24,0,7,0,1,0,5,19.2,19.2,NA,0.545238095
"Lasthenia californica",30,"No Grass","C",2016,2016-04-24,0,1,0,2,NA,1,42,84,NA,0.545238095
"Lasthenia californica",29,"No Grass","W",2016,2016-04-24,0,3,0,1,0,3,46.3333333333333,46.3333333333333,NA,0.545238095
"Lasthenia californica",59,"No Grass","W",2016,2016-04-24,0,5,5,2,1.22474487139159,5,48.6923076923077,97.3846153846154,NA,0.545238095
"Lasthenia californica",18,"Grass","C",2016,2016-04-24,0,3,0,1,0,3,44.6666666666667,44.6666666666667,40,0.545238095
"Lasthenia californica",55,"Grass","W",2016,2016-04-24,0,9,0,1,0,5,10.5,10.5,80,0.545238095
"Lasthenia californica",19,"No Grass","W",2016,2016-04-24,0,7,0,2.4,0.894427190999916,5,50.9,122.16,NA,0.545238095
"Lasthenia californica",83,"Grass","D",2016,2016-04-24,2,2,0,1,0,4,68,68,80,0.545238095
"Lasthenia californica",89,"Grass","D",2016,2016-04-24,0,17,0,1.4,0.547722557505166,5,35.5384615384615,49.7538461538462,10,0.545238095
"Lasthenia californica",59,"Grass","W",2016,2016-04-24,0,0,7,1.2,0.447213595499958,5,56.5,67.8,40,0.545238095
"Lasthenia californica",50,"Grass","C",2016,2016-04-24,0,6,1,1,0,5,29,29,70,0.545238095
"Lasthenia californica",95,"Grass","D",2016,2016-04-24,0,6,0,1,0,5,4,4,30,0.545238095
"Lasthenia californica",96,"Grass","C",2016,2016-04-24,0,3,0,1,0,3,44.5,44.5,30,0.545238095
"Lasthenia californica",18,"No Grass","C",2016,2016-04-24,0,13,0,2.4,0.894427190999916,5,67.1538461538462,161.169230769231,NA,0.545238095
"Lasthenia californica",92,"No Grass","C",2016,2016-04-24,2,5,0,1.6,0.894427190999916,5,35,56,NA,0.545238095
"Lasthenia californica",91,"No Grass","D",2016,2016-04-24,0,12,0,1.4,0.547722557505166,5,80,112,NA,0.545238095
"Lasthenia californica",83,"No Grass","D",2016,2016-04-24,0,4,0,1,0,4,30.6666666666667,30.6666666666667,NA,0.545238095
"Lasthenia californica",99,"No Grass","D",2016,2016-04-24,0,8,0,1,0,5,13,13,NA,0.545238095
"Lasthenia californica",97,"No Grass","D",2016,2016-04-24,0,5,0,1.2,0.447213595499958,5,25.3333333333333,30.4,NA,0.545238095
"Lasthenia californica",50,"No Grass","C",2016,2016-04-24,0,6,0,1.2,0.447213595499958,5,26,31.2,NA,0.545238095
"Lasthenia californica",98,"No Grass","C",2016,2016-04-24,0,6,0,1.2,0.447213595499958,5,19.2,23.04,NA,0.545238095
"Lasthenia californica",91,"Grass","D",2016,2016-04-24,0,5,0,1,0,5,NA,NA,50,0.545238095
"Plantago erecta",30,"Grass","C",2016,2016-04-24,0,27,0,5.6,1.14017542509914,5,2,11.2,35,0.849557522
"Plantago erecta",82,"Grass","C",2016,2016-04-24,0,25,0,4,1.58113883008419,5,2,8,10,0.849557522
"Plantago erecta",98,"Grass","C",2016,2016-04-24,0,21,0,3,1,5,2,6,75,0.849557522
"Plantago erecta",50,"No Grass","C",2016,2016-04-24,1,19,0,7,3.60555127546399,5,2,14,NA,0.849557522
"Plantago erecta",5,"No Grass","W",2016,2016-04-24,0,22,0,4.4,2.70185121722126,5,2,8.8,NA,0.849557522
"Plantago erecta",18,"No Grass","C",2016,2016-04-24,0,11,0,4.8,3.89871773792359,5,2,9.6,NA,0.849557522
"Plantago erecta",5,"Grass","W",2016,2016-04-24,0,27,0,4.8,0.836660026534076,5,2,9.6,30,0.849557522
"Plantago erecta",59,"No Grass","W",2016,2016-04-24,0,20,0,17.8,10.0349389634417,5,2,35.6,NA,0.849557522
"Plantago erecta",37,"No Grass","W",2016,2016-04-24,1,18,0,2.4,1.34164078649987,5,2,4.8,NA,0.849557522
"Plantago erecta",50,"Grass","C",2016,2016-04-24,0,20,0,3.2,0.836660026534076,5,2,6.4,70,0.849557522
"Plantago erecta",19,"No Grass","W",2016,2016-04-24,0,20,0,14.6,13.4461890511773,5,2,29.2,NA,0.849557522
"Plantago erecta",29,"Grass","W",2016,2016-04-24,2,19,0,6.6,2.50998007960223,5,2,13.2,50,0.849557522
"Plantago erecta",55,"No Grass","W",2016,2016-04-24,0,20,0,3.8,1.48323969741913,5,2,7.6,NA,0.849557522
"Plantago erecta",15,"Grass","W",2016,2016-04-24,0,17,0,3,1,5,2,6,25,0.849557522
"Plantago erecta",89,"No Grass","D",2016,2016-04-24,0,20,0,6.8,2.77488738510232,5,2,13.6,NA,0.849557522
"Plantago erecta",30,"No Grass","C",2016,2016-04-24,0,24,0,7.6,3.50713558335004,5,2,15.2,NA,0.849557522
"Plantago erecta",83,"Grass","D",2016,2016-04-24,0,19,0,2.4,0.894427190999916,5,2,4.8,80,0.849557522
"Plantago erecta",19,"Grass","W",2016,2016-04-24,0,20,0,8,4.69041575982343,5,2,16,30,0.849557522
"Plantago erecta",96,"Grass","C",2016,2016-04-24,0,21,0,4.2,1.92353840616713,5,2,8.4,30,0.849557522
"Plantago erecta",17,"No Grass","W",2016,2016-04-24,0,14,0,4.6,3.286335345031,5,2,9.2,NA,0.849557522
"Plantago erecta",56,"No Grass","C",2016,2016-04-24,0,19,0,8.6,4.82700735445887,5,2,17.2,NA,0.849557522
"Plantago erecta",89,"Grass","D",2016,2016-04-24,0,22,0,4,1.58113883008419,5,2,8,10,0.849557522
"Plantago erecta",91,"Grass","D",2016,2016-04-24,0,19,0,3.2,0.836660026534076,5,2,6.4,50,0.849557522
"Plantago erecta",15,"No Grass","W",2016,2016-04-24,2,24,0,4.8,1.48323969741913,5,2,9.6,NA,0.849557522
"Plantago erecta",23,"No Grass","W",2016,2016-05-08,0,25,0,14.4,7.36885337077622,5,2,28.8,NA,0.849557522
"Plantago erecta",49,"Grass","W",2016,2016-04-24,0,21,0,3.4,1.14017542509914,5,2,6.8,90,0.849557522
"Plantago erecta",17,"Grass","W",2016,2016-04-24,0,22,0,3,0.707106781186548,5,2,6,80,0.849557522
"Plantago erecta",59,"Grass","W",2016,2016-04-24,0,20,0,9.2,7.82304288624318,5,2,18.4,40,0.849557522
"Plantago erecta",84,"Grass","C",2016,2016-04-24,0,18,0,2,0.816496580927726,4,2,4,40,0.849557522
"Plantago erecta",97,"Grass","D",2016,2016-04-24,0,13,7,3,0.707106781186548,5,2,6,60,0.849557522
"Plantago erecta",96,"No Grass","C",2016,2016-04-24,2,18,0,6.8,1.92353840616713,5,2,13.6,NA,0.849557522
"Plantago erecta",37,"Grass","W",2016,2016-05-20,0,0,4,18.25,7.45542308211501,4,2,36.5,30,0.849557522
"Plantago erecta",49,"No Grass","W",2016,2016-04-24,0,22,0,17.8,12.9691942694988,5,2,35.6,NA,0.849557522
"Plantago erecta",29,"No Grass","W",2016,2016-04-24,0,24,0,11.2,10.6395488626163,5,2,22.4,NA,0.849557522
"Plantago erecta",81,"Grass","D",2016,2016-04-24,0,25,0,1.8,0.836660026534076,5,2,3.6,80,0.849557522
"Plantago erecta",83,"No Grass","D",2016,2016-04-24,0,13,0,11.4,7.19722168617863,5,2,22.8,NA,0.849557522
"Plantago erecta",99,"No Grass","D",2016,2016-04-24,0,19,0,10.6,6.91375440697744,5,2,21.2,NA,0.849557522
"Plantago erecta",95,"No Grass","D",2016,2016-04-24,0,20,0,9.4,8.93308457365092,5,2,18.8,NA,0.849557522
"Plantago erecta",97,"No Grass","D",2016,2016-04-24,0,20,0,6.4,1.51657508881031,5,2,12.8,NA,0.849557522
"Plantago erecta",82,"No Grass","C",2016,2016-04-24,0,17,0,4.6,2.70185121722126,5,2,9.2,NA,0.849557522
"Plantago erecta",81,"No Grass","D",2016,2016-04-24,0,27,0,4,2,5,2,8,NA,0.849557522
"Plantago erecta",56,"Grass","C",2016,2016-04-24,0,21,0,4.4,1.94935886896179,5,2,8.8,70,0.849557522
"Plantago erecta",98,"No Grass","C",2016,2016-04-24,0,19,0,3.4,1.14017542509914,5,2,6.8,NA,0.849557522
"Plantago erecta",92,"No Grass","C",2016,2016-04-24,3,15,0,12.4,6.54217089351845,5,2,24.8,NA,0.849557522
"Plantago erecta",93,"No Grass","D",2016,2016-04-24,0,15,2,10,11.2249721603218,5,2,20,NA,0.849557522
"Plantago erecta",91,"No Grass","D",2016,2016-04-24,0,17,0,5.4,3.71483512420134,5,2,10.8,NA,0.849557522
"Plantago erecta",95,"Grass","D",2016,2016-04-24,0,19,2,8.8,6.09918027279076,5,2,17.6,30,0.849557522
"Plantago erecta",84,"No Grass","C",2016,2016-04-24,0,24,0,5.8,3.27108544675922,5,2,11.6,NA,0.849557522
"Plantago erecta",93,"Grass","D",2016,2016-04-24,0,22,0,9,7.81024967590665,5,2,18,25,0.849557522
"Plantago erecta",23,"Grass","W",2016,2016-04-24,0,26,0,5.4,2.96647939483826,5,2,10.8,30,0.849557522
"Plantago erecta",99,"Grass","D",2016,2016-04-24,0,20,0,1.6,0.547722557505166,5,2,3.2,90,0.849557522
"Plantago erecta",18,"Grass","C",2016,2016-04-24,0,11,0,1.4,0.547722557505166,5,2,2.8,40,0.849557522
"Plantago erecta",92,"Grass","C",2016,2016-04-24,0,22,0,6,0.707106781186548,5,2,12,25,0.849557522
"Plantago erecta",55,"Grass","W",2016,2016-04-24,0,21,0,4,1.58113883008419,5,2,8,80,0.849557522
"Agoseris heterophylla",30,"Grass","C",2017,2017-05-19,0,0,5,1.4,0.547722557505166,5,18.5833333333333,26.0166666666667,75,0.954436451
"Agoseris heterophylla",84,"No Grass","C",2017,2017-05-19,0,0,4,1.4,0.547722557505166,5,24.5833333333333,34.4166666666667,NA,0.954436451
"Agoseris heterophylla",19,"No Grass","W",2017,2017-05-19,0,0,12,2,0.707106781186548,5,41.6875,83.375,NA,0.954436451
"Agoseris heterophylla",84,"Grass","C",2017,2017-05-19,0,0,4,1,0,4,24.375,24.375,50,0.954436451
"Agoseris heterophylla",5,"No Grass","W",2017,2017-05-19,0,0,5,1.4,0.547722557505166,5,20.375,28.525,NA,0.954436451
"Agoseris heterophylla",56,"No Grass","C",2017,2017-05-19,0,0,5,1.4,0.547722557505166,5,26,36.4,NA,0.954436451
"Agoseris heterophylla",29,"No Grass","W",2017,2017-05-19,0,0,14,2.4,1.14017542509914,5,40.7692307692308,97.8461538461538,NA,0.954436451
"Agoseris heterophylla",82,"Thatch","C",2017,2017-05-19,0,0,11,1.2,0.447213595499958,5,29.3333333333333,35.2,80,0.954436451
"Agoseris heterophylla",85,"Grass","D",2017,2017-05-19,0,0,4,1.2,0.447213595499958,5,26.9411764705882,32.3294117647059,80,0.954436451
"Agoseris heterophylla",91,"Grass","D",2017,2017-05-19,0,0,3,1,0,5,18.5,18.5,55,0.954436451
"Agoseris heterophylla",59,"Thatch","W",2017,2017-05-19,0,0,3,1,0,5,41.3333333333333,41.3333333333333,35,0.954436451
"Agoseris heterophylla",30,"Thatch","C",2017,2017-05-19,0,0,1,1,0,5,10.5,10.5,50,0.954436451
"Agoseris heterophylla",18,"Thatch","C",2017,2017-05-19,0,0,11,1.4,0.547722557505166,5,16,22.4,95,0.954436451
"Agoseris heterophylla",50,"No Grass","C",2017,2017-05-19,0,0,7,1,0,5,12.3333333333333,12.3333333333333,NA,0.954436451
"Agoseris heterophylla",23,"Grass","W",2017,2017-05-19,0,0,6,1,0,5,11.6666666666667,11.6666666666667,70,0.954436451
"Agoseris heterophylla",81,"No Grass","D",2017,2017-05-19,0,0,7,1.4,0.547722557505166,5,33.3571428571429,46.7,NA,0.954436451
"Agoseris heterophylla",37,"Grass","W",2017,2017-05-19,0,0,4,1,0,5,14.7142857142857,14.7142857142857,80,0.954436451
"Agoseris heterophylla",55,"No Grass","W",2017,2017-05-19,0,0,4,1,0,5,20.6153846153846,20.6153846153846,NA,0.954436451
"Agoseris heterophylla",56,"Grass","C",2017,2017-05-19,0,0,3,1,0,5,20.5454545454545,20.5454545454545,80,0.954436451
"Agoseris heterophylla",85,"Thatch","D",2017,2017-05-19,0,0,2,1.4,0.547722557505166,5,14.2727272727273,19.9818181818182,95,0.954436451
"Agoseris heterophylla",18,"No Grass","C",2017,2017-05-19,0,0,13,1.4,0.547722557505166,5,20.25,28.35,NA,0.954436451
"Agoseris heterophylla",19,"Grass","W",2017,2017-05-19,0,0,10,1,0,5,24.75,24.75,85,0.954436451
"Agoseris heterophylla",23,"Thatch","W",2017,2017-05-19,0,0,1,1,NA,1,13,13,50,0.954436451
"Agoseris heterophylla",55,"Thatch","W",2017,2017-05-19,0,0,5,1,0,5,12.3333333333333,12.3333333333333,30,0.954436451
"Agoseris heterophylla",15,"Thatch","W",2017,2017-05-19,0,0,8,1,0,5,5,5,60,0.954436451
"Agoseris heterophylla",50,"Grass","C",2017,2017-05-19,0,0,5,1,0,5,21.6666666666667,21.6666666666667,95,0.954436451
"Agoseris heterophylla",83,"Grass","D",2017,2017-05-19,0,0,4,1,0,5,9.83333333333333,9.83333333333333,95,0.954436451
"Agoseris heterophylla",15,"No Grass","W",2017,2017-05-19,0,0,7,1,0,5,18.2857142857143,18.2857142857143,NA,0.954436451
"Agoseris heterophylla",56,"Thatch","C",2017,2017-05-19,0,0,10,1,0,5,15.6666666666667,15.6666666666667,55,0.954436451
"Agoseris heterophylla",85,"No Grass","D",2017,2017-05-19,0,0,14,3,1,5,39.7083333333333,119.125,NA,0.954436451
"Agoseris heterophylla",98,"No Grass","C",2017,2017-05-19,0,0,6,1,0,5,13.6666666666667,13.6666666666667,NA,0.954436451
"Agoseris heterophylla",89,"Thatch","D",2017,2017-05-19,0,0,10,1,0,5,5,5,60,0.954436451
"Agoseris heterophylla",5,"Grass","W",2017,2017-05-19,0,0,2,1.4,0.547722557505166,5,42.3571428571429,59.3,80,0.954436451
"Agoseris heterophylla",17,"No Grass","W",2017,2017-05-19,0,0,12,1.6,0.547722557505166,5,25.5,40.8,NA,0.954436451
"Agoseris heterophylla",97,"Grass","D",2017,2017-05-19,0,0,1,1,0,5,17.5,17.5,105,0.954436451
"Agoseris heterophylla",99,"Grass","D",2017,2017-05-19,0,0,15,1,0,5,16.5,16.5,90,0.954436451
"Agoseris heterophylla",81,"Thatch","D",2017,2017-05-19,0,0,7,1,0,5,NA,NA,65,0.954436451
"Agoseris heterophylla",93,"Thatch","D",2017,2017-05-19,0,0,5,1.4,0.547722557505166,5,19.4,27.16,30,0.954436451
"Agoseris heterophylla",59,"No Grass","W",2017,2017-05-19,0,0,6,1.2,0.447213595499958,5,26.6666666666667,32,NA,0.954436451
"Agoseris heterophylla",89,"No Grass","D",2017,2017-05-19,0,0,9,1.6,0.547722557505166,5,26.125,41.8,NA,0.954436451
"Agoseris heterophylla",23,"No Grass","W",2017,2017-05-19,0,0,4,1,0,5,28.7272727272727,28.7272727272727,NA,0.954436451
"Agoseris heterophylla",92,"No Grass","C",2017,2017-05-19,0,0,14,2,1,5,45.9166666666667,91.8333333333333,NA,0.954436451
"Agoseris heterophylla",99,"No Grass","D",2017,2017-05-19,0,0,3,1.2,0.447213595499958,5,19.25,23.1,NA,0.954436451
"Agoseris heterophylla",96,"Thatch","C",2017,2017-05-19,0,0,0,1,0,2,NA,NA,80,0.954436451
"Agoseris heterophylla",97,"No Grass","D",2017,2017-05-19,0,0,7,1.6,0.894427190999916,5,37,59.2,NA,0.954436451
"Agoseris heterophylla",82,"No Grass","C",2017,2017-05-19,0,0,7,2.2,0.447213595499958,5,26.3333333333333,57.9333333333333,NA,0.954436451
"Agoseris heterophylla",83,"No Grass","D",2017,2017-05-19,0,0,10,1.4,0.547722557505166,5,29.0625,40.6875,NA,0.954436451
"Agoseris heterophylla",87,"No Grass","D",2017,2017-04-09,14,1,0,1.6,0.547722557505166,5,46.2916666666667,74.0666666666667,NA,0.954436451
"Agoseris heterophylla",99,"Thatch","D",2017,2017-05-19,0,0,4,1,0,5,11.5,11.5,100,0.954436451
"Agoseris heterophylla",49,"No Grass","W",2017,2017-05-19,0,0,1,1.2,0.447213595499958,5,16,19.2,NA,0.954436451
"Agoseris heterophylla",92,"Grass","C",2017,2017-05-19,0,0,6,1,0,5,13,13,100,0.954436451
"Agoseris heterophylla",50,"Thatch","C",2017,2017-05-19,0,0,4,1,0,5,10.1666666666667,10.1666666666667,80,0.954436451
"Agoseris heterophylla",98,"Grass","C",2017,2017-05-19,0,0,2,1,0,5,17.7777777777778,17.7777777777778,80,0.954436451
"Agoseris heterophylla",29,"Grass","W",2017,2017-05-19,0,0,7,1.6,0.547722557505166,5,23.2857142857143,37.2571428571429,85,0.954436451
"Agoseris heterophylla",93,"Grass","D",2017,2017-05-19,0,0,13,1.8,0.836660026534076,5,30.8181818181818,55.4727272727273,35,0.954436451
"Agoseris heterophylla",95,"Grass","D",2017,2017-05-19,0,0,9,1.6,0.547722557505166,5,31.8571428571429,50.9714285714286,85,0.954436451
"Agoseris heterophylla",87,"Grass","D",2017,2017-05-19,0,0,2,1.2,0.447213595499958,5,15.2222222222222,18.2666666666667,90,0.954436451
"Agoseris heterophylla",37,"No Grass","W",2017,2017-05-19,0,0,3,1,0,5,13.6,13.6,NA,0.954436451
"Agoseris heterophylla",49,"Thatch","W",2017,2017-05-19,0,0,13,1,0,5,17.25,17.25,30,0.954436451
"Agoseris heterophylla",86,"No Grass","C",2017,2017-05-19,0,0,8,1,0,5,23.125,23.125,NA,0.954436451
"Agoseris heterophylla",30,"No Grass","C",2017,2017-05-19,0,0,10,2.2,1.09544511501033,5,32.7222222222222,71.9888888888889,NA,0.954436451
"Agoseris heterophylla",87,"Thatch","D",2017,2017-05-19,0,0,4,1,0,5,27.1,27.1,40,0.954436451
"Agoseris heterophylla",96,"Grass","C",2017,2017-05-19,0,0,6,1,0,5,41,41,25,0.954436451
"Agoseris heterophylla",83,"Thatch","D",2017,2017-05-19,0,0,6,1,0,5,6,6,100,0.954436451
"Agoseris heterophylla",81,"Grass","D",2017,2017-05-19,0,0,14,1,0,5,44,44,90,0.954436451
"Agoseris heterophylla",84,"Thatch","C",2017,2017-05-19,0,0,4,1,0,5,21.3333333333333,21.3333333333333,90,0.954436451
"Agoseris heterophylla",29,"Thatch","W",2017,2017-05-19,0,3,1,1,0,4,7.75,7.75,35,0.954436451
"Agoseris heterophylla",91,"No Grass","D",2017,2017-05-19,0,0,4,1.5,0.577350269189626,4,17.8,26.7,NA,0.954436451
"Agoseris heterophylla",15,"Grass","W",2017,2017-05-19,0,0,8,1.2,0.447213595499958,5,36.8461538461538,44.2153846153846,30,0.954436451
"Agoseris heterophylla",5,"Thatch","W",2017,2017-05-19,0,0,1,1,0,5,27.5555555555556,27.5555555555556,85,0.954436451
"Agoseris heterophylla",18,"Grass","C",2017,2017-05-19,0,0,7,1,0,5,16.1111111111111,16.1111111111111,95,0.954436451
"Agoseris heterophylla",86,"Thatch","C",2017,2017-05-19,0,0,4,1,0,5,14,14,45,0.954436451
"Agoseris heterophylla",86,"Grass","C",2017,2017-05-19,0,0,8,2,1,5,20,40,40,0.954436451
"Agoseris heterophylla",89,"Grass","D",2017,2017-05-19,0,0,8,1.4,0.547722557505166,5,30.25,42.35,30,0.954436451
"Agoseris heterophylla",49,"Grass","W",2017,2017-05-19,0,0,2,1,0,5,23.2,23.2,120,0.954436451
"Agoseris heterophylla",82,"Grass","C",2017,2017-05-19,0,0,11,1.6,0.547722557505166,5,57.5,92,45,0.954436451
"Agoseris heterophylla",95,"No Grass","D",2017,2017-05-19,0,0,10,1.4,0.547722557505166,5,31,43.4,NA,0.954436451
"Agoseris heterophylla",17,"Grass","W",2017,2017-05-19,0,0,10,1.2,0.447213595499958,5,17,20.4,90,0.954436451
"Agoseris heterophylla",93,"No Grass","D",2017,2017-05-19,0,0,13,2,1.22474487139159,5,46.9375,93.875,NA,0.954436451
"Agoseris heterophylla",55,"Grass","W",2017,2017-05-19,0,0,2,1,0,5,10.1818181818182,10.1818181818182,40,0.954436451
"Agoseris heterophylla",59,"Grass","W",2017,2017-05-19,0,0,2,1,0,5,14.5,14.5,100,0.954436451
"Agoseris heterophylla",17,"Thatch","W",2017,2017-05-19,0,0,2,1,0,3,8,8,95,0.954436451
"Agoseris heterophylla",96,"No Grass","C",2017,2017-05-19,0,0,13,2.2,0.836660026534076,5,53.4615384615385,117.615384615385,NA,0.954436451
"Calycadenia pauciflora",85,"Grass","D",2017,2017-08-21,0,1,8,11.4,5.7706152185014,5,3.47619047619048,39.6285714285714,80,0.4575
"Calycadenia pauciflora",15,"Grass","W",2017,2017-08-21,0,1,12,9.2,8.89943818451479,5,1.8,16.56,30,0.4575
"Calycadenia pauciflora",87,"Grass","D",2017,2017-08-21,0,0,9,2.2,0.836660026534076,5,2.85714285714286,6.28571428571429,90,0.4575
"Calycadenia pauciflora",92,"Thatch","C",2017,2017-08-21,0,0,2,5,2.82842712474619,2,3.42857142857143,17.1428571428571,80,0.4575
"Calycadenia pauciflora",85,"Thatch","D",2017,2017-06-26,1,0,0,2,NA,1,3.125,6.25,95,0.4575
"Calycadenia pauciflora",96,"Grass","C",2017,2017-06-26,0,0,0,3,NA,1,3.56000829095937,10.6800248728781,25,0.4575
"Calycadenia pauciflora",37,"No Grass","W",2017,2017-06-26,6,0,0,5.2,1.09544511501033,5,3.56000829095937,18.5120431129887,NA,0.4575
"Calycadenia pauciflora",92,"Grass","C",2017,2017-06-26,1,1,0,1.33333333333333,0.577350269189626,3,2,2.66666666666667,100,0.4575
"Calycadenia pauciflora",55,"Thatch","W",2017,2017-06-26,2,0,0,1,0,2,3.56000829095937,3.56000829095937,30,0.4575
"Calycadenia pauciflora",96,"No Grass","C",2017,2017-08-21,0,0,2,2,NA,1,4,8,NA,0.4575
"Calycadenia pauciflora",15,"Thatch","W",2017,2017-08-21,0,0,2,16.5,4.94974746830583,2,2.28571428571429,37.7142857142857,60,0.4575
"Calycadenia pauciflora",85,"No Grass","D",2017,2017-08-21,0,0,10,24,10.6066017177982,5,3.70588235294118,88.9411764705882,NA,0.4575
"Calycadenia pauciflora",19,"Thatch","W",2017,2017-08-21,0,0,1,23,NA,1,1.66666666666667,38.3333333333333,100,0.4575
"Calycadenia pauciflora",5,"Grass","W",2017,2017-06-26,0,2,0,1,0,2,2.6875,2.6875,80,0.4575
"Calycadenia pauciflora",37,"Grass","W",2017,2017-06-26,4,1,0,2.6,1.67332005306815,5,3.63636363636364,9.45454545454546,80,0.4575
"Calycadenia pauciflora",84,"Grass","C",2017,2017-08-21,0,0,3,19.4,15.7575378787424,5,3.5,67.9,50,0.4575
"Calycadenia pauciflora",89,"Thatch","D",2017,2017-08-21,0,0,3,4.33333333333333,1.52752523165195,3,3.56000829095937,15.4267025941573,60,0.4575
"Calycadenia pauciflora",59,"Grass","W",2017,2017-08-21,0,0,2,2,1.4142135623731,2,0.333333333333333,0.666666666666667,100,0.4575
"Calycadenia pauciflora",95,"No Grass","D",2017,NA,NA,NA,NA,NA,NA,NA,5.5,NA,NA,0.4575
"Calycadenia pauciflora",83,"No Grass","D",2017,2017-08-21,0,0,1,4.6,5.50454357780915,5,4,18.4,NA,0.4575
"Calycadenia pauciflora",50,"Grass","C",2017,2017-08-21,0,0,7,5.6,5.31977443130815,5,5.125,28.7,95,0.4575
"Calycadenia pauciflora",84,"No Grass","C",2017,2017-08-21,0,0,3,14.25,20.7103033938826,4,2.42857142857143,34.6071428571429,NA,0.4575
"Calycadenia pauciflora",49,"No Grass","W",2017,2017-08-21,0,0,2,1.5,0.707106781186548,2,3.93333333333333,5.9,NA,0.4575
"Calycadenia pauciflora",97,"No Grass","D",2017,2017-08-21,0,0,4,4.5,1.91485421551268,4,3.56000829095937,16.0200373093172,NA,0.4575
"Calycadenia pauciflora",5,"No Grass","W",2017,2017-08-21,0,0,2,6.6,2.19089023002066,5,3.52380952380952,23.2571428571429,NA,0.4575
"Calycadenia pauciflora",18,"Thatch","C",2017,2017-08-21,0,0,1,2,NA,1,4.5,9,95,0.4575
"Calycadenia pauciflora",50,"No Grass","C",2017,2017-08-21,0,0,4,5.66666666666667,3.78593889720018,3,4.35714285714286,24.6904761904762,NA,0.4575
"Calycadenia pauciflora",23,"No Grass","W",2017,2017-06-26,10,1,0,5.2,3.11448230047949,5,3,15.6,NA,0.4575
"Calycadenia pauciflora",18,"Grass","C",2017,2017-08-21,0,0,3,3,1.73205080756888,3,3.75,11.25,95,0.4575
"Calycadenia pauciflora",82,"Grass","C",2017,2017-08-21,0,0,3,11.3333333333333,3.78593889720018,3,5.15384615384615,58.4102564102564,45,0.4575
"Calycadenia pauciflora",49,"Thatch","W",2017,2017-06-26,1,0,0,2,NA,1,3.85714285714286,7.71428571428571,30,0.4575
"Calycadenia pauciflora",5,"Thatch","W",2017,2017-08-21,0,0,1,5,NA,1,4,20,85,0.4575
"Calycadenia pauciflora",17,"No Grass","W",2017,2017-08-21,0,0,4,10.6,9.37016542009798,5,3.05555555555556,32.3888888888889,NA,0.4575
"Calycadenia pauciflora",23,"Thatch","W",2017,2017-08-21,0,0,2,5.5,3.53553390593274,2,2.75,15.125,50,0.4575
"Calycadenia pauciflora",87,"No Grass","D",2017,2017-08-21,0,0,10,6.8,3.11448230047949,5,4.2,28.56,NA,0.4575
"Calycadenia pauciflora",81,"Thatch","D",2017,2017-06-26,2,0,0,1,0,2,3.56000829095937,3.56000829095937,65,0.4575
"Calycadenia pauciflora",87,"Thatch","D",2017,2017-08-21,0,0,5,4,1.4142135623731,4,4.9,19.6,40,0.4575
"Calycadenia pauciflora",55,"Grass","W",2017,2017-06-26,0,2,0,1,0,2,3.56000829095937,3.56000829095937,40,0.4575
"Calycadenia pauciflora",59,"No Grass","W",2017,2017-08-21,0,0,3,3.66666666666667,2.51661147842358,3,4.875,17.875,NA,0.4575
"Calycadenia pauciflora",17,"Grass","W",2017,2017-08-21,0,0,1,3,NA,1,3.5,10.5,90,0.4575
"Calycadenia pauciflora",92,"No Grass","C",2017,2017-08-21,0,0,4,3.33333333333333,1.15470053837925,3,2.125,7.08333333333333,NA,0.4575
"Calycadenia pauciflora",15,"No Grass","W",2017,2017-08-21,0,0,4,12.25,4.99165971062398,4,3.6,44.1,NA,0.4575
"Calycadenia pauciflora",29,"No Grass","W",2017,2017-06-26,2,1,0,1.33333333333333,0.577350269189626,3,3.56000829095937,4.74667772127916,NA,0.4575
"Calycadenia pauciflora",59,"Thatch","W",2017,2017-08-21,0,0,3,3,2.64575131106459,3,3.25,9.75,35,0.4575
"Calycadenia pauciflora",89,"Grass","D",2017,2017-08-21,0,0,5,5.8,2.38746727726266,5,4.08333333333333,23.6833333333333,30,0.4575
"Calycadenia pauciflora",98,"Grass","C",2017,2017-08-21,0,0,2,2,1.4142135623731,2,2.66666666666667,5.33333333333333,80,0.4575
"Calycadenia pauciflora",19,"Grass","W",2017,2017-08-21,0,0,3,7,4.35889894354067,3,3.79,26.53,85,0.4575
"Calycadenia pauciflora",89,"No Grass","D",2017,2017-08-21,0,0,3,8.33333333333333,3.21455025366432,3,6,50,NA,0.4575
"Calycadenia pauciflora",99,"Grass","D",2017,2017-08-21,0,0,2,2,0,2,4,8,90,0.4575
"Calycadenia pauciflora",86,"Grass","C",2017,2017-08-21,0,1,9,26.8,15.6748205731358,5,1.9,50.92,40,0.4575
"Calycadenia pauciflora",81,"Grass","D",2017,2017-08-21,0,0,5,4.8,2.77488738510232,5,6,28.8,90,0.4575
"Calycadenia pauciflora",19,"No Grass","W",2017,2017-08-21,0,0,8,12.2,5.54075807087803,5,4.29166666666667,52.3583333333333,NA,0.4575
"Calycadenia pauciflora",98,"No Grass","C",2017,2017-06-26,3,0,0,1.33333333333333,0.577350269189626,3,3.56000829095937,4.74667772127916,NA,0.4575
"Calycadenia pauciflora",81,"No Grass","D",2017,2017-06-26,2,0,0,1.5,0.707106781186548,2,3.5,5.25,NA,0.4575
"Calycadenia pauciflora",56,"Grass","C",2017,2017-08-21,0,0,4,1.5,0.707106781186548,2,5.33333333333333,8,80,0.4575
"Calycadenia pauciflora",86,"No Grass","C",2017,2017-06-26,2,0,0,8.5,4.94974746830583,2,4.35616438356164,37.027397260274,NA,0.4575
"Calycadenia pauciflora",93,"No Grass","D",2017,2017-06-26,0,1,0,1,NA,1,3.56000829095937,3.56000829095937,NA,0.4575
"Calycadenia pauciflora",99,"No Grass","D",2017,2017-06-26,5,1,0,2.6,1.67332005306815,5,3.5,9.1,NA,0.4575
"Calycadenia pauciflora",49,"Grass","W",2017,2017-08-21,0,0,7,8.6,3.84707681233427,5,3,25.8,120,0.4575
"Calycadenia pauciflora",91,"Grass","D",2017,2017-08-21,0,0,4,3.6,1.8165902124585,5,2.375,8.55,55,0.4575
"Calycadenia pauciflora",56,"No Grass","C",2017,2017-06-26,2,0,0,1,0,2,3.56000829095937,3.56000829095937,NA,0.4575
"Calycadenia pauciflora",97,"Grass","D",2017,NA,NA,NA,NA,NA,NA,NA,3,NA,105,0.4575
"Calycadenia pauciflora",23,"Grass","W",2017,2017-08-21,0,0,2,5.2,2.38746727726266,5,3.4375,17.875,70,0.4575
"Clarkia purpurea",30,"Thatch","C",2017,2017-06-26,0,0,9,1,0,5,20.875,20.875,50,0.342727273
"Clarkia purpurea",18,"No Grass","C",2017,2017-06-26,0,0,1,1,NA,1,10,10,NA,0.342727273
"Clarkia purpurea",92,"Grass","C",2017,2017-06-26,0,0,10,1,0,4,11,11,100,0.342727273
"Clarkia purpurea",37,"No Grass","W",2017,2017-06-26,0,0,8,1,0,5,13.2857142857143,13.2857142857143,NA,0.342727273
"Clarkia purpurea",49,"No Grass","W",2017,2017-06-26,0,0,15,1.2,0.447213595499958,5,29.3529411764706,35.2235294117647,NA,0.342727273
"Clarkia purpurea",91,"Thatch","D",2017,2017-06-26,0,0,1,1,NA,1,NA,NA,35,0.342727273
"Clarkia purpurea",95,"Grass","D",2017,2017-06-26,0,0,1,1,NA,1,7,7,85,0.342727273
"Clarkia purpurea",84,"No Grass","C",2017,2017-06-26,0,0,0,1.2,0.447213595499958,5,17.375,20.85,NA,0.342727273
"Clarkia purpurea",59,"Grass","W",2017,2017-06-26,0,0,1,1,NA,1,1,1,100,0.342727273
"Clarkia purpurea",56,"No Grass","C",2017,2017-06-26,0,0,7,1,0,5,5.83333333333333,5.83333333333333,NA,0.342727273
"Clarkia purpurea",17,"Thatch","W",2017,2017-06-26,0,0,2,1,0,2,14.5,14.5,95,0.342727273
"Clarkia purpurea",5,"Thatch","W",2017,2017-06-26,0,0,1,1,NA,1,4,4,85,0.342727273
"Clarkia purpurea",23,"No Grass","W",2017,2017-06-26,0,0,13,1.2,0.447213595499958,5,20.3,24.36,NA,0.342727273
"Clarkia purpurea",29,"No Grass","W",2017,2017-06-26,0,0,8,1.2,0.447213595499958,5,17.6,21.12,NA,0.342727273
"Clarkia purpurea",15,"Grass","W",2017,2017-05-19,5,0,0,1,0,5,25.6666666666667,25.6666666666667,30,0.342727273
"Clarkia purpurea",86,"Grass","C",2017,2017-06-26,0,0,0,1,0,5,2.2,2.2,40,0.342727273
"Clarkia purpurea",49,"Grass","W",2017,2017-06-26,0,0,10,1,0,5,6.3,6.3,120,0.342727273
"Clarkia purpurea",96,"Grass","C",2017,2017-06-26,0,0,1,1,NA,1,NA,NA,25,0.342727273
"Clarkia purpurea",15,"No Grass","W",2017,2017-06-26,0,0,13,2.6,1.51657508881031,5,14.2380952380952,37.0190476190476,NA,0.342727273
"Clarkia purpurea",96,"No Grass","C",2017,2017-06-26,0,0,1,1,NA,1,1,1,NA,0.342727273
"Clarkia purpurea",29,"Thatch","W",2017,2017-05-19,6,0,0,1,0,5,NA,NA,35,0.342727273
"Clarkia purpurea",83,"Thatch","D",2017,2017-05-19,7,0,0,1,0,5,NA,NA,100,0.342727273
"Clarkia purpurea",98,"Grass","C",2017,2017-05-19,1,0,0,1,NA,1,NA,NA,80,0.342727273
"Clarkia purpurea",19,"No Grass","W",2017,2017-06-26,0,0,10,1.4,0.547722557505166,5,20.4666666666667,28.6533333333333,NA,0.342727273
"Clarkia purpurea",83,"Grass","D",2017,2017-05-19,4,0,0,1,0,4,NA,NA,95,0.342727273
"Clarkia purpurea",92,"No Grass","C",2017,2017-06-26,0,0,2,1,0,2,13,13,NA,0.342727273
"Clarkia purpurea",82,"Grass","C",2017,2017-06-26,0,0,3,1,0,3,2,2,45,0.342727273
"Clarkia purpurea",87,"Grass","D",2017,2017-05-19,7,1,0,1,0,5,11,11,90,0.342727273
"Clarkia purpurea",85,"Grass","D",2017,2017-05-19,7,0,0,1,0,5,4.75,4.75,80,0.342727273
"Clarkia purpurea",92,"Thatch","C",2017,2017-06-26,0,0,1,1,NA,1,13,13,80,0.342727273
"Clarkia purpurea",49,"Thatch","W",2017,2017-06-26,0,0,1,1,NA,1,6,6,30,0.342727273
"Clarkia purpurea",86,"Thatch","C",2017,2017-06-26,0,0,3,1,0,3,0.666666666666667,0.666666666666667,45,0.342727273
"Clarkia purpurea",17,"No Grass","W",2017,2017-06-26,0,0,5,1.66666666666667,1.15470053837925,3,13.7142857142857,22.8571428571429,NA,0.342727273
"Clarkia purpurea",50,"Thatch","C",2017,2017-06-26,0,0,1,1,NA,1,2,2,80,0.342727273
"Clarkia purpurea",5,"Grass","W",2017,2017-06-26,0,0,4,1,0,4,9.33333333333333,9.33333333333333,80,0.342727273
"Clarkia purpurea",91,"Grass","D",2017,2017-06-26,0,0,1,1,NA,1,0,0,55,0.342727273
"Clarkia purpurea",82,"Thatch","C",2017,2017-06-26,0,0,1,1,NA,1,10,10,80,0.342727273
"Clarkia purpurea",59,"No Grass","W",2017,2017-06-26,0,0,5,1,0,5,11,11,NA,0.342727273
"Clarkia purpurea",84,"Thatch","C",2017,2017-06-26,0,0,4,1,0,4,2.75,2.75,90,0.342727273
"Clarkia purpurea",29,"Grass","W",2017,2017-06-26,0,0,12,1,0,5,12,12,85,0.342727273
"Clarkia purpurea",55,"No Grass","W",2017,2017-05-19,5,0,0,1,0,5,7.6,7.6,NA,0.342727273
"Clarkia purpurea",89,"Grass","D",2017,2017-06-26,0,0,5,1,0,5,9.8,9.8,30,0.342727273
"Clarkia purpurea",59,"Thatch","W",2017,2017-06-26,0,0,1,1,NA,1,16,16,35,0.342727273
"Clarkia purpurea",83,"No Grass","D",2017,2017-05-19,7,0,0,1,0,5,4.3,4.3,NA,0.342727273
"Clarkia purpurea",19,"Grass","W",2017,2017-06-26,0,0,7,1,0,5,19.2222222222222,19.2222222222222,85,0.342727273
"Clarkia purpurea",95,"No Grass","D",2017,2017-06-26,0,0,1,1,NA,1,5,5,NA,0.342727273
"Clarkia purpurea",89,"No Grass","D",2017,2017-06-26,0,0,1,1,NA,1,9,9,NA,0.342727273
"Clarkia purpurea",37,"Thatch","W",2017,2017-06-26,0,0,1,1,NA,1,26,26,25,0.342727273
"Clarkia purpurea",95,"Thatch","D",2017,2017-05-19,3,0,0,1,0,3,NA,NA,60,0.342727273
"Clarkia purpurea",15,"Thatch","W",2017,2017-05-19,5,0,0,1,0,5,8.16666666666667,8.16666666666667,60,0.342727273
"Clarkia purpurea",93,"Grass","D",2017,2017-06-26,0,0,2,1,0,2,2,2,35,0.342727273
"Clarkia purpurea",86,"No Grass","C",2017,2017-06-26,0,0,2,1,0,2,3.5,3.5,NA,0.342727273
"Clarkia purpurea",91,"No Grass","D",2017,2017-06-26,0,0,5,1.2,0.447213595499958,5,13.8333333333333,16.6,NA,0.342727273
"Clarkia purpurea",81,"No Grass","D",2017,2017-06-26,0,0,4,1,0,4,21.5,21.5,NA,0.342727273
"Clarkia purpurea",99,"No Grass","D",2017,2017-05-19,4,0,0,1,0,4,3.8,3.8,NA,0.342727273
"Clarkia purpurea",81,"Thatch","D",2017,2017-06-26,0,0,8,1,0,3,10.3333333333333,10.3333333333333,65,0.342727273
"Clarkia purpurea",96,"Thatch","C",2017,2017-06-26,0,0,1,1,NA,1,19,19,80,0.342727273
"Clarkia purpurea",30,"No Grass","C",2017,2017-06-26,0,0,9,1,0,5,19,19,NA,0.342727273
"Clarkia purpurea",23,"Grass","W",2017,2017-06-26,0,0,4,1,0,4,1.75,1.75,70,0.342727273
"Clarkia purpurea",56,"Thatch","C",2017,2017-05-19,1,0,0,1,NA,1,NA,NA,55,0.342727273
"Clarkia purpurea",50,"No Grass","C",2017,2017-06-26,0,0,6,1.2,0.447213595499958,5,15.75,18.9,NA,0.342727273
"Clarkia purpurea",81,"Grass","D",2017,2017-05-19,1,0,0,1,NA,1,NA,NA,90,0.342727273
"Clarkia purpurea",93,"Thatch","D",2017,2017-06-26,0,0,2,1,0,2,1.5,1.5,30,0.342727273
"Clarkia purpurea",98,"No Grass","C",2017,2017-05-19,2,0,0,1.5,0.707106781186548,2,NA,NA,NA,0.342727273
"Clarkia purpurea",87,"No Grass","D",2017,2017-05-19,0,0,0,1,0,5,13.6666666666667,13.6666666666667,NA,0.342727273
"Clarkia purpurea",84,"Grass","C",2017,2017-06-26,0,0,3,1.33333333333333,0.577350269189626,3,9.75,13,50,0.342727273
"Clarkia purpurea",87,"Thatch","D",2017,2017-05-19,4,0,0,1,0,4,3.5,3.5,40,0.342727273
"Clarkia purpurea",98,"Thatch","C",2017,2017-05-19,3,0,0,1,0,3,NA,NA,30,0.342727273
"Clarkia purpurea",89,"Thatch","D",2017,2017-06-26,0,0,1,1,NA,1,15,15,60,0.342727273
"Clarkia purpurea",99,"Grass","D",2017,2017-06-26,0,0,1,1,NA,1,2,2,90,0.342727273
"Clarkia purpurea",85,"Thatch","D",2017,2017-06-26,0,0,7,2,NA,1,34,68,95,0.342727273
"Clarkia purpurea",55,"Grass","W",2017,2017-05-19,3,0,0,1,0,3,4.33333333333333,4.33333333333333,40,0.342727273
"Clarkia purpurea",85,"No Grass","D",2017,2017-06-26,3,0,9,1.6,1.34164078649987,5,9.38461538461539,15.0153846153846,NA,0.342727273
"Clarkia purpurea",5,"No Grass","W",2017,2017-06-26,0,0,12,1,0,5,19.2307692307692,19.2307692307692,NA,0.342727273
"Clarkia purpurea",97,"No Grass","D",2017,2017-06-26,0,0,2,1,NA,1,17,17,NA,0.342727273
"Clarkia purpurea",30,"Grass","C",2017,2017-05-19,0,0,13,1,0,5,21.4,21.4,75,0.342727273
"Clarkia purpurea",93,"No Grass","D",2017,2017-06-26,0,0,1,1,NA,1,19,19,NA,0.342727273
"Clarkia purpurea",23,"Thatch","W",2017,2017-06-26,0,0,6,1,0,5,13.1666666666667,13.1666666666667,50,0.342727273
"Clarkia purpurea",56,"Grass","C",2017,2017-06-26,0,0,5,1,0,5,3.2,3.2,80,0.342727273
"Hemizonia congesta",89,"Grass","D",2017,2017-08-21,0,1,14,12.4,5.45893762558247,5,3.6,44.64,30,0.479375
"Hemizonia congesta",85,"Thatch","D",2017,2017-08-21,0,0,10,11,5.1478150704935,5,2.6,28.6,95,0.479375
"Hemizonia congesta",92,"Thatch","C",2017,2017-08-21,0,6,0,8.8,4.76445169982864,5,2.8,24.64,80,0.479375
"Hemizonia congesta",59,"Grass","W",2017,2017-08-21,0,0,10,4.4,2.70185121722126,5,3.2,14.08,100,0.479375
"Hemizonia congesta",17,"No Grass","W",2017,2017-08-21,0,0,12,16,8.45576726264388,5,2.6,41.6,NA,0.479375
"Hemizonia congesta",50,"No Grass","C",2017,2017-08-21,0,0,5,4.75,0.5,4,3.2,15.2,NA,0.479375
"Hemizonia congesta",15,"No Grass","W",2017,2017-08-21,1,0,11,5.2,2.94957624075052,5,2.4,12.48,NA,0.479375
"Hemizonia congesta",87,"No Grass","D",2017,2017-08-21,0,0,6,26.8,11.7132403714771,5,2.6,69.68,NA,0.479375
"Hemizonia congesta",96,"No Grass","C",2017,2017-08-21,0,0,7,9,7.03562363973514,5,3,27,NA,0.479375
"Hemizonia congesta",49,"Thatch","W",2017,2017-08-21,0,0,1,12,NA,1,3.6,43.2,30,0.479375
"Hemizonia congesta",95,"Grass","D",2017,2017-08-21,0,0,4,9.25,4.64578662158878,4,3.26835443037975,30.2322784810127,85,0.479375
"Hemizonia congesta",49,"No Grass","W",2017,2017-08-21,0,0,11,13,5.24404424085076,5,4,52,NA,0.479375
"Hemizonia congesta",91,"No Grass","D",2017,2017-08-21,0,0,1,26,NA,1,2.6,67.6,NA,0.479375
"Hemizonia congesta",17,"Grass","W",2017,2017-08-21,0,0,6,15.2,7.29383301152419,5,3,45.6,90,0.479375
"Hemizonia congesta",29,"Grass","W",2017,2017-08-21,0,0,0,11.8,9.1214034007931,5,4.8,56.64,85,0.479375
"Hemizonia congesta",96,"Grass","C",2017,2017-08-21,0,0,8,5.8,6.34034699365894,5,4,23.2,25,0.479375
"Hemizonia congesta",29,"No Grass","W",2017,2017-08-21,0,0,10,13,6.20483682299543,5,4.2,54.6,NA,0.479375
"Hemizonia congesta",82,"Thatch","C",2017,2017-08-21,1,0,1,5,2.82842712474619,2,3.4,17,80,0.479375
"Hemizonia congesta",96,"Thatch","C",2017,2017-08-21,0,0,12,6.6,6.34822809924155,5,2,13.2,80,0.479375
"Hemizonia congesta",81,"Thatch","D",2017,2017-08-21,0,0,1,2,NA,1,3.26835443037975,6.53670886075949,65,0.479375
"Hemizonia congesta",89,"No Grass","D",2017,2017-08-21,0,0,6,11.4,5.22494019104525,5,2.4,27.36,NA,0.479375
"Hemizonia congesta",95,"Thatch","D",2017,NA,NA,NA,NA,NA,NA,NA,1.8,NA,60,0.479375
"Hemizonia congesta",95,"No Grass","D",2017,2017-08-21,0,0,4,21.25,18.7505555473253,4,3.26835443037975,69.4525316455696,NA,0.479375
"Hemizonia congesta",86,"No Grass","C",2017,2017-08-21,0,0,11,27.2,7.19027120489902,5,4.8,130.56,NA,0.479375
"Hemizonia congesta",18,"Grass","C",2017,2017-08-21,0,0,7,12.2,8.72926113711808,5,2.8,34.16,95,0.479375
"Hemizonia congesta",87,"Grass","D",2017,2017-06-26,0,1,0,1,NA,1,4,4,90,0.479375
"Hemizonia congesta",97,"No Grass","D",2017,2017-08-21,0,0,4,18,7.87400787401181,4,2.4,43.2,NA,0.479375
"Hemizonia congesta",84,"Thatch","C",2017,2017-08-21,0,0,8,8.6,7.09224929059886,5,4.4,37.84,90,0.479375
"Hemizonia congesta",84,"Grass","C",2017,2017-08-21,1,1,7,8.6,5.22494019104525,5,2.6,22.36,50,0.479375
"Hemizonia congesta",19,"Grass","W",2017,2017-08-21,0,0,1,40,NA,1,2.8,112,85,0.479375
"Hemizonia congesta",49,"Grass","W",2017,2017-08-21,0,0,13,8.8,3.3466401061363,5,4,35.2,120,0.479375
"Hemizonia congesta",23,"Grass","W",2017,2017-08-21,0,7,15,9.4,6.42650760522385,5,3,28.2,70,0.479375
"Hemizonia congesta",23,"Thatch","W",2017,2017-08-21,0,0,5,5.8,4.08656334834051,5,3,17.4,50,0.479375
"Hemizonia congesta",56,"No Grass","C",2017,2017-08-21,0,0,7,10.2,3.4928498393146,5,2.8,28.56,NA,0.479375
"Hemizonia congesta",15,"Thatch","W",2017,2017-08-21,0,0,4,13,8.44590630621328,4,4.4,57.2,60,0.479375
"Hemizonia congesta",29,"Thatch","W",2017,2017-08-21,0,0,1,14,NA,1,5,70,35,0.479375
"Hemizonia congesta",82,"Grass","C",2017,2017-08-21,3,1,1,3.6,1.14017542509914,5,5.2,18.72,45,0.479375
"Hemizonia congesta",23,"No Grass","W",2017,2017-08-21,1,2,11,11.6,6.87749954561976,5,3.4,39.44,NA,0.479375
"Hemizonia congesta",37,"Thatch","W",2017,2017-08-21,0,0,8,7.6,2.07364413533277,5,4.8,36.48,25,0.479375
"Hemizonia congesta",55,"Grass","W",2017,2017-08-21,0,0,7,7,9.66953980290686,5,2.8,19.6,40,0.479375
"Hemizonia congesta",99,"Grass","D",2017,2017-08-21,0,0,6,4.6,3.78153408023781,5,0.8,3.68,90,0.479375
"Hemizonia congesta",56,"Grass","C",2017,2017-08-21,0,0,9,7.2,2.58843582110896,5,3.8,27.36,80,0.479375
"Hemizonia congesta",97,"Thatch","D",2017,2017-06-26,1,0,0,1,NA,1,2.2,2.2,60,0.479375
"Hemizonia congesta",5,"Grass","W",2017,2017-08-21,0,0,12,5.25,3.20156211871642,4,4.4,23.1,80,0.479375
"Hemizonia congesta",85,"Grass","D",2017,2017-08-21,0,0,13,20.6,15.582040944626,5,3.2,65.92,80,0.479375
"Hemizonia congesta",99,"Thatch","D",2017,2017-08-21,0,0,2,18.5,4.94974746830583,2,2.6,48.1,100,0.479375
"Hemizonia congesta",93,"Thatch","D",2017,2017-08-21,0,0,2,11,9.89949493661167,2,2.6,28.6,30,0.479375
"Hemizonia congesta",91,"Grass","D",2017,2017-08-21,0,3,5,12.6,11.5887876846545,5,3.6,45.36,55,0.479375
"Hemizonia congesta",37,"No Grass","W",2017,2017-08-21,0,0,10,8.4,2.88097205817759,5,3.4,28.56,NA,0.479375
"Hemizonia congesta",15,"Grass","W",2017,2017-08-21,0,0,3,18.3333333333333,2.51661147842358,3,3.8,69.6666666666667,30,0.479375
"Hemizonia congesta",87,"Thatch","D",2017,2017-08-21,0,0,4,6.75,5.18812747209113,4,3.26835443037975,22.0613924050633,40,0.479375
"Hemizonia congesta",19,"No Grass","W",2017,2017-08-21,0,1,13,12.2,9.36482781475453,5,3.2,39.04,NA,0.479375
"Hemizonia congesta",5,"No Grass","W",2017,2017-08-21,0,0,0,6,4.24264068711928,5,2.4,14.4,NA,0.479375
"Hemizonia congesta",17,"Thatch","W",2017,2017-08-21,0,0,4,11.25,11.5866302262565,4,3.4,38.25,95,0.479375
"Hemizonia congesta",56,"Thatch","C",2017,2017-08-21,0,0,8,5,3.67423461417477,5,3,15,55,0.479375
"Hemizonia congesta",81,"No Grass","D",2017,2017-08-21,0,0,3,20.3333333333333,18.0092568789868,3,3.26835443037975,66.4565400843882,NA,0.479375
"Hemizonia congesta",92,"No Grass","C",2017,2017-08-21,0,0,9,6.8,6.53452370108182,5,2.4,16.32,NA,0.479375
"Hemizonia congesta",55,"No Grass","W",2017,2017-08-21,0,0,8,5.8,4.14728827066554,5,0.8,4.64,NA,0.479375
"Hemizonia congesta",50,"Thatch","C",2017,2017-08-21,0,0,3,4.66666666666667,2.51661147842358,3,2.2,10.2666666666667,80,0.479375
"Hemizonia congesta",97,"Grass","D",2017,2017-08-21,0,0,11,37.4,44.9477474407784,5,4.8,179.52,105,0.479375
"Hemizonia congesta",86,"Thatch","C",2017,2017-08-21,0,0,7,21.4,7.82943165242535,5,3,64.2,45,0.479375
"Hemizonia congesta",83,"No Grass","D",2017,2017-08-21,0,0,1,47,NA,1,4.4,206.8,NA,0.479375
"Hemizonia congesta",18,"No Grass","C",2017,2017-08-21,0,0,6,14,6.6332495807108,5,4,56,NA,0.479375
"Hemizonia congesta",98,"Grass","C",2017,2017-08-21,0,0,10,4,2.12132034355964,5,2.6,10.4,80,0.479375
"Hemizonia congesta",18,"Thatch","C",2017,2017-08-21,0,0,0,13.4,7.23187389270582,5,3.4,45.56,95,0.479375
"Hemizonia congesta",92,"Grass","C",2017,2017-08-21,0,0,9,8.2,6.57267069006199,5,3.26835443037975,26.8005063291139,100,0.479375
"Hemizonia congesta",84,"No Grass","C",2017,2017-08-21,1,0,10,4.8,1.92353840616713,5,2.4,11.52,NA,0.479375
"Hemizonia congesta",59,"Thatch","W",2017,2017-08-21,0,0,5,5.4,4.82700735445887,5,2.2,11.88,35,0.479375
"Hemizonia congesta",99,"No Grass","D",2017,2017-08-21,0,0,6,4.8,1.78885438199983,5,3.6,17.28,NA,0.479375
"Hemizonia congesta",30,"Grass","C",2017,2017-08-21,0,0,11,10.8,7.56306816047562,5,4.6,49.68,75,0.479375
"Hemizonia congesta",50,"Grass","C",2017,2017-08-21,0,0,13,9,2.91547594742265,5,4.2,37.8,95,0.479375
"Hemizonia congesta",55,"Thatch","W",2017,2017-08-21,0,0,2,7,2.82842712474619,2,2.6,18.2,30,0.479375
"Hemizonia congesta",93,"No Grass","D",2017,2017-08-21,0,0,7,7.2,5.49545266561363,5,3.2,23.04,NA,0.479375
"Hemizonia congesta",81,"Grass","D",2017,2017-08-21,0,0,12,5.6,3.20936130717624,5,1.2,6.72,90,0.479375
"Hemizonia congesta",93,"Grass","D",2017,2017-08-21,0,0,2,7.2,3.83405790253616,5,3.2,23.04,35,0.479375
"Hemizonia congesta",91,"Thatch","D",2017,2017-08-21,1,0,3,8.25,3.86221007541882,4,3.2,26.4,35,0.479375
"Hemizonia congesta",59,"No Grass","W",2017,2017-08-21,0,0,6,6.2,5.97494769851586,5,4.2,26.04,NA,0.479375
"Hemizonia congesta",37,"Grass","W",2017,2017-08-21,0,0,11,11.4,4.72228758124704,5,3.2,36.48,80,0.479375
"Hemizonia congesta",30,"Thatch","C",2017,2017-08-21,0,0,8,10.4,5.94138031100518,5,4,41.6,50,0.479375
"Hemizonia congesta",30,"No Grass","C",2017,2017-08-21,0,0,9,17.2,9.01110426085505,5,3.6,61.92,NA,0.479375
"Hemizonia congesta",98,"Thatch","C",2017,2017-08-21,0,0,6,9.8,6.22093240599832,5,2.6,25.48,30,0.479375
"Hemizonia congesta",86,"Grass","C",2017,2017-08-21,0,0,10,13,10.8627804912002,5,4.6,59.8,40,0.479375
"Hemizonia congesta",19,"Thatch","W",2017,2017-08-21,0,0,5,8,4.69041575982343,5,3.8,30.4,100,0.479375
"Hemizonia congesta",89,"Thatch","D",2017,2017-08-21,0,0,9,10,5.47722557505166,5,4.2,42,60,0.479375
"Hemizonia congesta",98,"No Grass","C",2017,2017-08-21,0,0,6,6.8,3.83405790253616,5,3.6,24.48,NA,0.479375
"Lasthenia californica",5,"Grass","W",2017,2017-04-09,8,7,0,1,0,5,15.0625,15.0625,80,0.973557692
"Lasthenia californica",81,"Thatch","D",2017,2017-05-19,0,0,5,1,0,5,6.85714285714286,6.85714285714286,65,0.973557692
"Lasthenia californica",56,"No Grass","C",2017,2017-04-09,8,7,0,1,0,5,14.9285714285714,14.9285714285714,NA,0.973557692
"Lasthenia californica",30,"No Grass","C",2017,2017-04-09,3,10,0,1,0,5,16.9090909090909,16.9090909090909,NA,0.973557692
"Lasthenia californica",91,"Grass","D",2017,2017-04-09,1,14,0,1,0,5,22.5,22.5,55,0.973557692
"Lasthenia californica",17,"No Grass","W",2017,2017-04-09,7,7,0,1,0,5,23.0714285714286,23.0714285714286,NA,0.973557692
"Lasthenia californica",84,"No Grass","C",2017,2017-04-09,10,4,0,1,0,5,5.16666666666667,5.16666666666667,NA,0.973557692
"Lasthenia californica",50,"Grass","C",2017,2017-04-09,9,6,0,1,0,5,4.5,4.5,95,0.973557692
"Lasthenia californica",50,"No Grass","C",2017,2017-04-09,3,4,0,1.2,0.447213595499958,5,9,10.8,NA,0.973557692
"Lasthenia californica",30,"Thatch","C",2017,2017-04-09,7,1,0,1,0,5,10.1111111111111,10.1111111111111,50,0.973557692
"Lasthenia californica",5,"No Grass","W",2017,2017-04-09,10,4,0,2,0,5,26.5789473684211,53.1578947368421,NA,0.973557692
"Lasthenia californica",91,"No Grass","D",2017,2017-04-09,0,15,0,1.8,0.836660026534076,5,54.6875,98.4375,NA,0.973557692
"Lasthenia californica",95,"Grass","D",2017,2017-04-09,5,9,0,1.2,0.447213595499958,5,41.7142857142857,50.0571428571429,85,0.973557692
"Lasthenia californica",37,"Grass","W",2017,2017-04-09,13,2,0,1,0,5,22.8333333333333,22.8333333333333,80,0.973557692
"Lasthenia californica",82,"No Grass","C",2017,2017-04-09,13,2,0,1.6,0.894427190999916,5,45.8214285714286,73.3142857142857,NA,0.973557692
"Lasthenia californica",18,"Grass","C",2017,2017-05-19,0,0,7,1.6,0.547722557505166,5,23.8235294117647,38.1176470588235,95,0.973557692
"Lasthenia californica",5,"Thatch","W",2017,2017-05-19,0,0,12,1,0,5,7.4,7.4,85,0.973557692
"Lasthenia californica",59,"Grass","W",2017,2017-04-09,3,12,0,1,0,5,22.7333333333333,22.7333333333333,100,0.973557692
"Lasthenia californica",15,"Grass","W",2017,2017-04-09,11,2,0,1,0,5,18.3571428571429,18.3571428571429,30,0.973557692
"Lasthenia californica",37,"No Grass","W",2017,2017-04-09,12,3,0,1,0,5,20.6666666666667,20.6666666666667,NA,0.973557692
"Lasthenia californica",92,"Grass","C",2017,2017-04-09,11,4,0,1,0,5,30.5555555555556,30.5555555555556,100,0.973557692
"Lasthenia californica",37,"Thatch","W",2017,2017-05-19,0,0,4,1,0,5,12.3333333333333,12.3333333333333,25,0.973557692
"Lasthenia californica",55,"Grass","W",2017,2017-04-09,0,15,0,1,0,5,5.61538461538461,5.61538461538461,40,0.973557692
"Lasthenia californica",29,"Grass","W",2017,2017-04-09,4,8,0,1.2,0.447213595499958,5,22.7692307692308,27.3230769230769,85,0.973557692
"Lasthenia californica",18,"Thatch","C",2017,2017-05-19,0,1,8,1,0,5,10.5,10.5,95,0.973557692
"Lasthenia californica",83,"No Grass","D",2017,2017-04-09,4,9,0,1,0,5,36.1333333333333,36.1333333333333,NA,0.973557692
"Lasthenia californica",49,"Grass","W",2017,2017-04-09,4,11,0,1,0,5,15.2307692307692,15.2307692307692,120,0.973557692
"Lasthenia californica",15,"No Grass","W",2017,2017-04-09,0,15,0,1.2,0.447213595499958,5,19.8333333333333,23.8,NA,0.973557692
"Lasthenia californica",55,"No Grass","W",2017,2017-04-09,0,15,0,1,0,5,17.7333333333333,17.7333333333333,NA,0.973557692
"Lasthenia californica",29,"No Grass","W",2017,2017-04-09,4,5,0,1,0,5,21.2857142857143,21.2857142857143,NA,0.973557692
"Lasthenia californica",15,"Thatch","W",2017,2017-05-19,0,0,9,1,0,5,21.5,21.5,60,0.973557692
"Lasthenia californica",19,"Grass","W",2017,2017-04-09,14,1,0,1,0,4,29.8421052631579,29.8421052631579,85,0.973557692
"Lasthenia californica",83,"Thatch","D",2017,2017-05-19,0,0,14,1,0,5,0,0,100,0.973557692
"Lasthenia californica",89,"No Grass","D",2017,2017-04-09,2,13,0,1,0,5,15.6666666666667,15.6666666666667,NA,0.973557692
"Lasthenia californica",55,"Thatch","W",2017,2017-05-19,0,0,3,1,0,5,3.875,3.875,30,0.973557692
"Lasthenia californica",49,"No Grass","W",2017,2017-04-09,4,11,0,1.4,0.547722557505166,5,35.5,49.7,NA,0.973557692
"Lasthenia californica",86,"No Grass","C",2017,2017-04-09,5,10,0,1.4,0.547722557505166,5,46.4347826086956,65.0086956521739,NA,0.973557692
"Lasthenia californica",93,"Grass","D",2017,2017-04-09,0,15,0,1.4,0.547722557505166,5,28.3076923076923,39.6307692307692,35,0.973557692
"Lasthenia californica",17,"Grass","W",2017,2017-04-09,15,0,0,1,0,5,18,18,90,0.973557692
"Lasthenia californica",56,"Grass","C",2017,2017-04-09,4,7,0,1,0,5,7.16666666666667,7.16666666666667,80,0.973557692
"Lasthenia californica",81,"No Grass","D",2017,2017-04-09,5,10,0,2,1,5,31.0909090909091,62.1818181818182,NA,0.973557692
"Lasthenia californica",49,"Thatch","W",2017,2017-05-19,0,0,4,1,0,4,6,6,30,0.973557692
"Lasthenia californica",23,"Thatch","W",2017,2017-05-19,0,0,2,1,0,2,10.5,10.5,50,0.973557692
"Lasthenia californica",93,"No Grass","D",2017,2017-04-09,5,10,0,1.2,0.447213595499958,5,30.3571428571429,36.4285714285714,NA,0.973557692
"Lasthenia californica",99,"Thatch","D",2017,2017-05-19,0,0,3,1,0,3,0,0,100,0.973557692
"Lasthenia californica",86,"Thatch","C",2017,2017-05-19,0,0,4,1,0,5,6.14285714285714,6.14285714285714,45,0.973557692
"Lasthenia californica",18,"No Grass","C",2017,2017-05-19,0,0,8,1.8,0.447213595499958,5,31.8235294117647,57.2823529411765,NA,0.973557692
"Lasthenia californica",23,"Grass","W",2017,2017-04-09,11,2,0,1,0,5,15.9090909090909,15.9090909090909,70,0.973557692
"Lasthenia californica",23,"No Grass","W",2017,2017-04-09,14,1,0,1.4,0.547722557505166,5,27.2222222222222,38.1111111111111,NA,0.973557692
"Lasthenia californica",56,"Thatch","C",2017,2017-05-19,0,0,3,1,0,5,6.66666666666667,6.66666666666667,55,0.973557692
"Lasthenia californica",17,"Thatch","W",2017,2017-05-19,0,0,15,1,0,5,2.21428571428571,2.21428571428571,95,0.973557692
"Lasthenia californica",97,"No Grass","D",2017,2017-04-09,7,6,0,1.4,0.547722557505166,5,28.3,39.62,NA,0.973557692
"Lasthenia californica",85,"Thatch","D",2017,2017-05-19,0,0,8,1.2,0.447213595499958,5,25.6363636363636,30.7636363636364,95,0.973557692
"Lasthenia californica",98,"No Grass","C",2017,2017-04-09,10,4,0,1,0,5,17,17,NA,0.973557692
"Lasthenia californica",85,"Grass","D",2017,2017-04-09,3,11,0,1,0,5,22.2142857142857,22.2142857142857,80,0.973557692
"Lasthenia californica",89,"Grass","D",2017,2017-04-09,7,8,0,1.2,0.447213595499958,5,19.8333333333333,23.8,30,0.973557692
"Lasthenia californica",50,"Thatch","C",2017,2017-05-19,0,0,1,1,0,5,2.2,2.2,80,0.973557692
"Lasthenia californica",59,"Thatch","W",2017,2017-05-19,0,0,14,1,0,5,17.8666666666667,17.8666666666667,35,0.973557692
"Lasthenia californica",85,"No Grass","D",2017,2017-04-09,3,10,0,1.2,0.447213595499958,5,40,48,NA,0.973557692
"Lasthenia californica",99,"Grass","D",2017,2017-04-09,7,8,0,1,0,4,10.2307692307692,10.2307692307692,90,0.973557692
"Lasthenia californica",82,"Thatch","C",2017,2017-05-19,0,0,12,1,0,5,28.1818181818182,28.1818181818182,80,0.973557692
"Lasthenia californica",87,"Thatch","D",2017,2017-04-09,12,3,0,1,0,5,12.6428571428571,12.6428571428571,40,0.973557692
"Lasthenia californica",83,"Grass","D",2017,2017-05-19,0,0,6,1,0,5,5.85714285714286,5.85714285714286,95,0.973557692
"Lasthenia californica",95,"Thatch","D",2017,2017-05-19,0,0,8,1,0,5,0,0,60,0.973557692
"Lasthenia californica",59,"No Grass","W",2017,2017-04-09,0,15,0,1.8,0.447213595499958,5,42.75,76.95,NA,0.973557692
"Lasthenia californica",84,"Thatch","C",2017,2017-05-19,0,0,6,1,0,5,8.16666666666667,8.16666666666667,90,0.973557692
"Lasthenia californica",30,"Grass","C",2017,2017-04-09,3,12,0,1.4,0.547722557505166,5,20.1428571428571,28.2,75,0.973557692
"Lasthenia californica",96,"Grass","C",2017,2017-04-09,12,3,0,1,0,5,31.5,31.5,25,0.973557692
"Lasthenia californica",19,"Thatch","W",2017,2017-05-19,0,1,1,1,0,4,7.5,7.5,100,0.973557692
"Lasthenia californica",91,"Thatch","D",2017,2017-05-19,0,0,1,1,NA,1,10,10,35,0.973557692
"Lasthenia californica",97,"Grass","D",2017,2017-04-09,3,6,0,1,0,5,24.875,24.875,105,0.973557692
"Lasthenia californica",29,"Thatch","W",2017,2017-05-19,0,2,3,1,0,5,19,19,35,0.973557692
"Lasthenia californica",92,"Thatch","C",2017,2017-05-19,0,0,5,1.2,0.447213595499958,5,21.8333333333333,26.2,80,0.973557692
"Lasthenia californica",98,"Grass","C",2017,2017-04-09,12,3,0,1,0,5,12.7142857142857,12.7142857142857,80,0.973557692
"Lasthenia californica",81,"Grass","D",2017,2017-04-09,9,6,0,1,0,5,28,28,90,0.973557692
"Lasthenia californica",86,"Grass","C",2017,2017-04-09,2,13,0,1.6,0.894427190999916,5,58.2222222222222,93.1555555555556,40,0.973557692
"Lasthenia californica",89,"Thatch","D",2017,2017-05-19,0,0,3,1,0,5,3.28571428571429,3.28571428571429,60,0.973557692
"Lasthenia californica",19,"No Grass","W",2017,2017-05-19,0,0,4,2,0.707106781186548,5,33.4,66.8,NA,0.973557692
"Lasthenia californica",92,"No Grass","C",2017,2017-04-09,8,4,0,1.4,0.547722557505166,5,34.7,48.58,NA,0.973557692
"Lasthenia californica",97,"Thatch","D",2017,2017-05-19,0,0,1,1,NA,1,13,13,60,0.973557692
"Lasthenia californica",96,"Thatch","C",2017,2017-05-19,0,0,1,1,NA,1,3,3,80,0.973557692
"Lasthenia californica",87,"No Grass","D",2017,2017-04-09,4,11,0,1.4,0.547722557505166,5,33.5,46.9,NA,0.973557692
"Lasthenia californica",82,"Grass","C",2017,2017-05-19,0,0,4,1.4,0.547722557505166,5,23.5384615384615,32.9538461538462,45,0.973557692
"Lasthenia californica",95,"No Grass","D",2017,2017-05-19,0,0,4,1.8,0.836660026534076,5,30.4375,54.7875,NA,0.973557692
"Lasthenia californica",93,"Thatch","D",2017,2017-04-09,10,1,0,1,0,5,7.625,7.625,30,0.973557692
"Lasthenia californica",87,"Grass","D",2017,2017-04-09,2,5,0,1,0,5,13,13,90,0.973557692
"Lasthenia californica",99,"No Grass","D",2017,2017-04-09,4,11,0,1,0,4,6.85714285714286,6.85714285714286,NA,0.973557692
"Lasthenia californica",84,"Grass","C",2017,2017-04-09,5,10,0,1,0,5,15.4666666666667,15.4666666666667,50,0.973557692
"Lasthenia californica",96,"No Grass","C",2017,2017-05-19,0,1,4,1.4,0.547722557505166,5,12.4,17.36,NA,0.973557692
"Plantago erecta",18,"Grass","C",2017,2017-05-19,0,9,6,3.4,1.94935886896179,5,2,6.8,95,0.896396396
"Plantago erecta",95,"Grass","D",2017,2017-05-19,0,3,12,6.8,3.3466401061363,5,2,13.6,85,0.896396396
"Plantago erecta",37,"Grass","W",2017,2017-05-19,0,7,8,4.6,1.81659021245849,5,2,9.2,80,0.896396396
"Plantago erecta",91,"Thatch","D",2017,2017-04-09,8,3,0,2,1,3,2,4,35,0.896396396
"Plantago erecta",19,"Grass","W",2017,2017-05-19,0,4,11,5.2,1.30384048104053,5,2,10.4,85,0.896396396
"Plantago erecta",81,"Thatch","D",2017,2017-05-19,0,3,12,3,0,5,2,6,65,0.896396396
"Plantago erecta",37,"No Grass","W",2017,2017-05-19,0,13,2,7.2,3.11448230047949,5,2,14.4,NA,0.896396396
"Plantago erecta",56,"No Grass","C",2017,2017-05-19,0,4,11,6.6,4.09878030638384,5,2,13.2,NA,0.896396396
"Plantago erecta",98,"Thatch","C",2017,2017-05-19,0,3,12,2.4,1.14017542509914,5,2,4.8,30,0.896396396
"Plantago erecta",59,"Thatch","W",2017,2017-05-19,0,0,15,6.4,2.19089023002066,5,2,12.8,35,0.896396396
"Plantago erecta",92,"No Grass","C",2017,2017-05-19,0,12,3,9.8,6.57267069006199,5,2,19.6,NA,0.896396396
"Plantago erecta",49,"Grass","W",2017,2017-05-19,0,5,10,4.6,1.94935886896179,5,2,9.2,120,0.896396396
"Plantago erecta",56,"Thatch","C",2017,2017-05-19,0,12,3,4.4,1.14017542509914,5,2,8.8,55,0.896396396
"Plantago erecta",50,"Thatch","C",2017,2017-05-19,0,0,13,1.6,0.894427190999916,5,2,3.2,80,0.896396396
"Plantago erecta",29,"No Grass","W",2017,2017-05-19,0,7,7,10.6,5.54977477020464,5,2,21.2,NA,0.896396396
"Plantago erecta",5,"No Grass","W",2017,2017-05-19,0,8,7,8.6,2.30217288664427,5,2,17.2,NA,0.896396396
"Plantago erecta",92,"Thatch","C",2017,2017-05-19,0,12,1,6,2.23606797749979,5,2,12,80,0.896396396
"Plantago erecta",83,"Thatch","D",2017,2017-05-19,0,0,11,3.8,0.447213595499958,5,2,7.6,100,0.896396396
"Plantago erecta",55,"Thatch","W",2017,2017-05-19,0,4,11,3.2,0.836660026534076,5,2,6.4,30,0.896396396
"Plantago erecta",30,"Thatch","C",2017,2017-05-19,0,6,9,4.4,1.67332005306815,5,2,8.8,50,0.896396396
"Plantago erecta",83,"Grass","D",2017,2017-05-19,0,13,2,1.6,0.547722557505166,5,2,3.2,95,0.896396396
"Plantago erecta",89,"Grass","D",2017,2017-04-09,12,3,0,1.66666666666667,0.577350269189626,3,2,3.33333333333333,30,0.896396396
"Plantago erecta",17,"Thatch","W",2017,2017-05-19,0,4,11,3,1,5,2,6,95,0.896396396
"Plantago erecta",49,"Thatch","W",2017,2017-05-19,0,2,12,3.2,1.30384048104053,5,2,6.4,30,0.896396396
"Plantago erecta",96,"Grass","C",2017,2017-05-19,0,15,0,6.2,2.58843582110896,5,2,12.4,25,0.896396396
"Plantago erecta",55,"No Grass","W",2017,2017-04-09,13,2,0,2,0,2,2,4,NA,0.896396396
"Plantago erecta",98,"Grass","C",2017,2017-05-19,0,4,11,2,0.707106781186548,5,2,4,80,0.896396396
"Plantago erecta",23,"Grass","W",2017,2017-05-19,0,0,15,3.4,1.34164078649987,5,2,6.8,70,0.896396396
"Plantago erecta",86,"Thatch","C",2017,2017-05-19,0,4,10,3,1.73205080756888,5,2,6,45,0.896396396
"Plantago erecta",50,"Grass","C",2017,2017-05-19,0,12,3,3.8,3.11448230047949,5,2,7.6,95,0.896396396
"Plantago erecta",97,"Grass","D",2017,2017-05-19,0,5,10,5.4,2.79284800875379,5,2,10.8,105,0.896396396
"Plantago erecta",18,"No Grass","C",2017,2017-05-19,0,8,7,3.4,0.894427190999916,5,2,6.8,NA,0.896396396
"Plantago erecta",96,"No Grass","C",2017,2017-05-19,0,0,2,11,4.30116263352131,5,2,22,NA,0.896396396
"Plantago erecta",37,"Thatch","W",2017,2017-05-19,0,12,3,2,0.707106781186548,5,2,4,25,0.896396396
"Plantago erecta",56,"Grass","C",2017,2017-05-19,0,4,11,6,3.08220700148449,5,2,12,80,0.896396396
"Plantago erecta",85,"Thatch","D",2017,2017-05-19,0,2,7,3.8,0.836660026534076,5,2,7.6,95,0.896396396
"Plantago erecta",95,"Thatch","D",2017,2017-05-19,0,7,8,2,0.707106781186548,5,2,4,60,0.896396396
"Plantago erecta",97,"Thatch","D",2017,2017-05-19,0,15,0,5,2,5,2,10,60,0.896396396
"Plantago erecta",50,"No Grass","C",2017,2017-05-19,0,15,0,3.2,0.836660026534076,5,2,6.4,NA,0.896396396
"Plantago erecta",15,"Thatch","W",2017,2017-05-19,0,10,5,3.8,2.04939015319192,5,2,7.6,60,0.896396396
"Plantago erecta",82,"No Grass","C",2017,2017-05-19,0,5,3,7.8,5.54075807087803,5,2,15.6,NA,0.896396396
"Plantago erecta",23,"Thatch","W",2017,2017-05-19,0,10,4,6.6,2.79284800875379,5,2,13.2,50,0.896396396
"Plantago erecta",30,"No Grass","C",2017,2017-05-19,0,0,15,4.8,2.28035085019828,5,2,9.6,NA,0.896396396
"Plantago erecta",93,"Grass","D",2017,2017-04-09,9,6,0,2,0,5,2,4,35,0.896396396
"Plantago erecta",99,"Thatch","D",2017,2017-04-09,2,1,0,2,NA,1,2,4,100,0.896396396
"Plantago erecta",92,"Grass","C",2017,2017-05-19,0,11,4,3.8,1.48323969741913,5,2,7.6,100,0.896396396
"Plantago erecta",87,"Thatch","D",2017,2017-04-09,10,3,0,1.33333333333333,0.577350269189626,3,2,2.66666666666667,40,0.896396396
"Plantago erecta",55,"Grass","W",2017,2017-05-19,0,1,14,3.6,1.14017542509914,5,2,7.2,40,0.896396396
"Plantago erecta",30,"Grass","C",2017,2017-05-19,0,8,7,4.4,1.81659021245849,5,2,8.8,75,0.896396396
"Plantago erecta",89,"Thatch","D",2017,2017-05-19,0,0,10,1.6,0.894427190999916,5,2,3.2,60,0.896396396
"Plantago erecta",18,"Thatch","C",2017,2017-05-19,0,5,10,2.4,0.547722557505166,5,2,4.8,95,0.896396396
"Plantago erecta",17,"No Grass","W",2017,2017-05-19,0,4,10,12.8,5.84807660688538,5,2,25.6,NA,0.896396396
"Plantago erecta",15,"No Grass","W",2017,2017-05-19,0,8,7,5,3.53553390593274,5,2,10,NA,0.896396396
"Plantago erecta",84,"No Grass","C",2017,2017-05-19,0,3,12,4.2,1.09544511501033,5,2,8.4,NA,0.896396396
"Plantago erecta",81,"No Grass","D",2017,2017-04-09,12,3,0,1.66666666666667,0.577350269189626,3,2,3.33333333333333,NA,0.896396396
"Plantago erecta",91,"Grass","D",2017,2017-04-09,11,4,0,3.5,1,4,2,7,55,0.896396396
"Plantago erecta",59,"Grass","W",2017,2017-04-09,8,7,0,3,2.91547594742265,5,2,6,100,0.896396396
"Plantago erecta",59,"No Grass","W",2017,2017-04-09,0,4,0,4,2.16024689946929,4,2,8,NA,0.896396396
"Plantago erecta",99,"Grass","D",2017,2017-05-19,0,8,7,5.2,2.28035085019828,5,2,10.4,90,0.896396396
"Plantago erecta",89,"No Grass","D",2017,2017-04-09,12,3,0,2.33333333333333,0.577350269189626,3,2,4.66666666666667,NA,0.896396396
"Plantago erecta",49,"No Grass","W",2017,2017-05-19,0,6,9,11.4,3.04959013639538,5,2,22.8,NA,0.896396396
"Plantago erecta",93,"Thatch","D",2017,2017-04-09,9,4,0,4,3.36650164612069,4,2,8,30,0.896396396
"Plantago erecta",84,"Grass","C",2017,2017-04-09,10,1,0,2,NA,1,2,4,50,0.896396396
"Plantago erecta",17,"Grass","W",2017,2017-05-19,0,12,3,3.6,2.19089023002066,5,2,7.2,90,0.896396396
"Plantago erecta",82,"Grass","C",2017,2017-05-19,0,5,9,3.2,1.09544511501033,5,2,6.4,45,0.896396396
"Plantago erecta",93,"No Grass","D",2017,2017-04-09,11,4,0,5.5,4.79583152331272,4,2,11,NA,0.896396396
"Plantago erecta",87,"No Grass","D",2017,2017-04-09,9,6,0,4.4,2.88097205817759,5,2,8.8,NA,0.896396396
"Plantago erecta",5,"Thatch","W",2017,2017-05-19,0,13,1,2,0.707106781186548,5,2,4,85,0.896396396
"Plantago erecta",85,"Grass","D",2017,2017-04-09,9,6,0,3.2,2.48997991959775,5,2,6.4,80,0.896396396
"Plantago erecta",84,"Thatch","C",2017,2017-05-19,0,7,5,3.2,1.78885438199983,5,2,6.4,90,0.896396396
"Plantago erecta",19,"No Grass","W",2017,2017-05-19,0,15,0,6.6,1.94935886896179,5,2,13.2,NA,0.896396396
"Plantago erecta",15,"Grass","W",2017,2017-05-19,0,8,6,5.4,2.79284800875379,5,2,10.8,30,0.896396396
"Plantago erecta",91,"No Grass","D",2017,2017-04-09,13,2,0,5,1.4142135623731,2,2,10,NA,0.896396396
"Plantago erecta",98,"No Grass","C",2017,2017-04-09,14,1,0,1,NA,1,2,2,NA,0.896396396
"Plantago erecta",87,"Grass","D",2017,2017-04-09,3,12,0,3.6,1.51657508881031,5,2,7.2,90,0.896396396
"Plantago erecta",97,"No Grass","D",2017,2017-04-09,10,5,0,2.8,1.09544511501033,5,2,5.6,NA,0.896396396
"Plantago erecta",96,"Thatch","C",2017,2017-05-19,0,10,5,3.6,1.51657508881031,5,2,7.2,80,0.896396396
"Plantago erecta",85,"No Grass","D",2017,2017-04-09,5,2,0,1,0,2,2,2,NA,0.896396396
"Plantago erecta",23,"No Grass","W",2017,2017-05-19,0,13,1,5.8,3.27108544675922,5,2,11.6,NA,0.896396396
"Plantago erecta",83,"No Grass","D",2017,2017-05-19,0,15,0,9.6,4.77493455452533,5,2,19.2,NA,0.896396396
"Plantago erecta",5,"Grass","W",2017,2017-05-19,0,6,9,4,1.58113883008419,5,2,8,80,0.896396396
"Plantago erecta",29,"Thatch","W",2017,2017-05-19,0,2,12,3.6,1.51657508881031,5,2,7.2,35,0.896396396
"Plantago erecta",29,"Grass","W",2017,2017-05-19,0,5,10,5.4,2.88097205817759,5,2,10.8,85,0.896396396
"Plantago erecta",81,"Grass","D",2017,2017-04-09,7,8,0,2.2,0.836660026534076,5,2,4.4,90,0.896396396
"Plantago erecta",99,"No Grass","D",2017,2017-05-19,0,4,11,5.8,4.43846820423443,5,2,11.6,NA,0.896396396
"Plantago erecta",86,"No Grass","C",2017,2017-05-19,0,5,10,4.2,1.48323969741913,5,2,8.4,NA,0.896396396
"Plantago erecta",19,"Thatch","W",2017,2017-05-19,0,6,3,1.4,0.547722557505166,5,2,2.8,100,0.896396396
"Plantago erecta",95,"No Grass","D",2017,2017-04-09,13,2,0,1.5,0.707106781186548,2,2,3,NA,0.896396396
"Plantago erecta",82,"Thatch","C",2017,2017-05-19,0,14,1,1.4,0.547722557505166,5,2,2.8,80,0.896396396
"Plantago erecta",86,"Grass","C",2017,2017-04-09,5,2,0,1,0,2,2,2,40,0.896396396
