"Species_Name","Plot","Year","Count","Notes","viable","Treat.Code","avg.num.per.sub","p.surv","stem.g.F","leaf.g.F","repr.g.F","total.g.F","CN.F","RGR.la.F","d13C.F","SLA.F","stem.g.GH","leaf.g.GH","repr.g.GH","total.g.GH","CN.GH","RGRt.GH","RGR.la.GH","d13C.GH","SLA.GH","PC1"
"Agoseris heterophylla",5,2017,0,NA,94,"W",94,0,0.0145,0.0175,0.016,0.048,22.5838598843642,0.017577547250182,-31.78,413.554657287157,2.7425,1.444,1.3165,5.503,26.9100082291955,0.0975162007600123,0.065519720519872,-31.72125,253.48544811066,-0.876427664975023
"Agoseris heterophylla",84,2017,1,NA,94,"C",94,0.0106382978723404,0.0145,0.0175,0.016,0.048,22.5838598843642,0.017577547250182,-31.78,413.554657287157,2.7425,1.444,1.3165,5.503,26.9100082291955,0.0975162007600123,0.065519720519872,-31.72125,253.48544811066,-0.876427664975023
"Agoseris heterophylla",17,2017,1,NA,94,"W",94,0.0106382978723404,0.0145,0.0175,0.016,0.048,22.5838598843642,0.017577547250182,-31.78,413.554657287157,2.7425,1.444,1.3165,5.503,26.9100082291955,0.0975162007600123,0.065519720519872,-31.72125,253.48544811066,-0.876427664975023
"Agoseris heterophylla",82,2017,0,NA,94,"C",94,0,0.0145,0.0175,0.016,0.048,22.5838598843642,0.017577547250182,-31.78,413.554657287157,2.7425,1.444,1.3165,5.503,26.9100082291955,0.0975162007600123,0.065519720519872,-31.72125,253.48544811066,-0.876427664975023
"Agoseris heterophylla",29,2016,0,"",95,"W",95,0,0.0145,0.0175,0.016,0.048,22.5838598843642,0.017577547250182,-31.78,413.554657287157,2.7425,1.444,1.3165,5.503,26.9100082291955,0.0975162007600123,0.065519720519872,-31.72125,253.48544811066,-0.876427664975023
"Agoseris heterophylla",49,2016,0,"",95,"W",95,0,0.0145,0.0175,0.016,0.048,22.5838598843642,0.017577547250182,-31.78,413.554657287157,2.7425,1.444,1.3165,5.503,26.9100082291955,0.0975162007600123,0.065519720519872,-31.72125,253.48544811066,-0.876427664975023
"Agoseris heterophylla",50,2017,0,NA,94,"C",94,0,0.0145,0.0175,0.016,0.048,22.5838598843642,0.017577547250182,-31.78,413.554657287157,2.7425,1.444,1.3165,5.503,26.9100082291955,0.0975162007600123,0.065519720519872,-31.72125,253.48544811066,-0.876427664975023
"Agoseris heterophylla",23,2016,0,"",95,"W",95,0,0.0145,0.0175,0.016,0.048,22.5838598843642,0.017577547250182,-31.78,413.554657287157,2.7425,1.444,1.3165,5.503,26.9100082291955,0.0975162007600123,0.065519720519872,-31.72125,253.48544811066,-0.876427664975023
"Agoseris heterophylla",81,2016,0,"",95,"D",95,0,0.0145,0.0175,0.016,0.048,22.5838598843642,0.017577547250182,-31.78,413.554657287157,2.7425,1.444,1.3165,5.503,26.9100082291955,0.0975162007600123,0.065519720519872,-31.72125,253.48544811066,-0.876427664975023
"Agoseris heterophylla",84,2016,0,"",95,"C",95,0,0.0145,0.0175,0.016,0.048,22.5838598843642,0.017577547250182,-31.78,413.554657287157,2.7425,1.444,1.3165,5.503,26.9100082291955,0.0975162007600123,0.065519720519872,-31.72125,253.48544811066,-0.876427664975023
"Agoseris heterophylla",18,2017,1,NA,94,"C",94,0.0106382978723404,0.0145,0.0175,0.016,0.048,22.5838598843642,0.017577547250182,-31.78,413.554657287157,2.7425,1.444,1.3165,5.503,26.9100082291955,0.0975162007600123,0.065519720519872,-31.72125,253.48544811066,-0.876427664975023
"Agoseris heterophylla",56,2017,0,NA,94,"C",94,0,0.0145,0.0175,0.016,0.048,22.5838598843642,0.017577547250182,-31.78,413.554657287157,2.7425,1.444,1.3165,5.503,26.9100082291955,0.0975162007600123,0.065519720519872,-31.72125,253.48544811066,-0.876427664975023
"Agoseris heterophylla",95,2016,0,"",95,"D",95,0,0.0145,0.0175,0.016,0.048,22.5838598843642,0.017577547250182,-31.78,413.554657287157,2.7425,1.444,1.3165,5.503,26.9100082291955,0.0975162007600123,0.065519720519872,-31.72125,253.48544811066,-0.876427664975023
"Agoseris heterophylla",50,2016,2,"",95,"C",95,0.0210526315789474,0.0145,0.0175,0.016,0.048,22.5838598843642,0.017577547250182,-31.78,413.554657287157,2.7425,1.444,1.3165,5.503,26.9100082291955,0.0975162007600123,0.065519720519872,-31.72125,253.48544811066,-0.876427664975023
"Agoseris heterophylla",19,2016,0,"",95,"W",95,0,0.0145,0.0175,0.016,0.048,22.5838598843642,0.017577547250182,-31.78,413.554657287157,2.7425,1.444,1.3165,5.503,26.9100082291955,0.0975162007600123,0.065519720519872,-31.72125,253.48544811066,-0.876427664975023
"Agoseris heterophylla",91,2016,7,"",95,"D",95,0.0736842105263158,0.0145,0.0175,0.016,0.048,22.5838598843642,0.017577547250182,-31.78,413.554657287157,2.7425,1.444,1.3165,5.503,26.9100082291955,0.0975162007600123,0.065519720519872,-31.72125,253.48544811066,-0.876427664975023
"Agoseris heterophylla",83,2017,0,NA,94,"D",94,0,0.0145,0.0175,0.016,0.048,22.5838598843642,0.017577547250182,-31.78,413.554657287157,2.7425,1.444,1.3165,5.503,26.9100082291955,0.0975162007600123,0.065519720519872,-31.72125,253.48544811066,-0.876427664975023
"Agoseris heterophylla",86,2016,0,"",95,"C",95,0,0.0145,0.0175,0.016,0.048,22.5838598843642,0.017577547250182,-31.78,413.554657287157,2.7425,1.444,1.3165,5.503,26.9100082291955,0.0975162007600123,0.065519720519872,-31.72125,253.48544811066,-0.876427664975023
"Agoseris heterophylla",5,2016,0,"",95,"W",95,0,0.0145,0.0175,0.016,0.048,22.5838598843642,0.017577547250182,-31.78,413.554657287157,2.7425,1.444,1.3165,5.503,26.9100082291955,0.0975162007600123,0.065519720519872,-31.72125,253.48544811066,-0.876427664975023
"Agoseris heterophylla",19,2017,0,NA,94,"W",94,0,0.0145,0.0175,0.016,0.048,22.5838598843642,0.017577547250182,-31.78,413.554657287157,2.7425,1.444,1.3165,5.503,26.9100082291955,0.0975162007600123,0.065519720519872,-31.72125,253.48544811066,-0.876427664975023
"Agoseris heterophylla",37,2017,0,NA,94,"W",94,0,0.0145,0.0175,0.016,0.048,22.5838598843642,0.017577547250182,-31.78,413.554657287157,2.7425,1.444,1.3165,5.503,26.9100082291955,0.0975162007600123,0.065519720519872,-31.72125,253.48544811066,-0.876427664975023
"Agoseris heterophylla",37,2016,6,"",95,"W",95,0.0631578947368421,0.0145,0.0175,0.016,0.048,22.5838598843642,0.017577547250182,-31.78,413.554657287157,2.7425,1.444,1.3165,5.503,26.9100082291955,0.0975162007600123,0.065519720519872,-31.72125,253.48544811066,-0.876427664975023
"Agoseris heterophylla",86,2017,0,NA,94,"C",94,0,0.0145,0.0175,0.016,0.048,22.5838598843642,0.017577547250182,-31.78,413.554657287157,2.7425,1.444,1.3165,5.503,26.9100082291955,0.0975162007600123,0.065519720519872,-31.72125,253.48544811066,-0.876427664975023
"Agoseris heterophylla",93,2016,1,"",95,"D",95,0.0105263157894737,0.0145,0.0175,0.016,0.048,22.5838598843642,0.017577547250182,-31.78,413.554657287157,2.7425,1.444,1.3165,5.503,26.9100082291955,0.0975162007600123,0.065519720519872,-31.72125,253.48544811066,-0.876427664975023
"Agoseris heterophylla",98,2016,0,"",95,"C",95,0,0.0145,0.0175,0.016,0.048,22.5838598843642,0.017577547250182,-31.78,413.554657287157,2.7425,1.444,1.3165,5.503,26.9100082291955,0.0975162007600123,0.065519720519872,-31.72125,253.48544811066,-0.876427664975023
"Agoseris heterophylla",49,2017,0,NA,94,"W",94,0,0.0145,0.0175,0.016,0.048,22.5838598843642,0.017577547250182,-31.78,413.554657287157,2.7425,1.444,1.3165,5.503,26.9100082291955,0.0975162007600123,0.065519720519872,-31.72125,253.48544811066,-0.876427664975023
"Agoseris heterophylla",59,2017,1,NA,94,"W",94,0.0106382978723404,0.0145,0.0175,0.016,0.048,22.5838598843642,0.017577547250182,-31.78,413.554657287157,2.7425,1.444,1.3165,5.503,26.9100082291955,0.0975162007600123,0.065519720519872,-31.72125,253.48544811066,-0.876427664975023
"Agoseris heterophylla",59,2016,4,"",95,"W",95,0.0421052631578947,0.0145,0.0175,0.016,0.048,22.5838598843642,0.017577547250182,-31.78,413.554657287157,2.7425,1.444,1.3165,5.503,26.9100082291955,0.0975162007600123,0.065519720519872,-31.72125,253.48544811066,-0.876427664975023
"Agoseris heterophylla",17,2016,0,"",95,"W",95,0,0.0145,0.0175,0.016,0.048,22.5838598843642,0.017577547250182,-31.78,413.554657287157,2.7425,1.444,1.3165,5.503,26.9100082291955,0.0975162007600123,0.065519720519872,-31.72125,253.48544811066,-0.876427664975023
"Agoseris heterophylla",18,2016,0,"",95,"C",95,0,0.0145,0.0175,0.016,0.048,22.5838598843642,0.017577547250182,-31.78,413.554657287157,2.7425,1.444,1.3165,5.503,26.9100082291955,0.0975162007600123,0.065519720519872,-31.72125,253.48544811066,-0.876427664975023
"Agoseris heterophylla",56,2016,0,"",95,"C",95,0,0.0145,0.0175,0.016,0.048,22.5838598843642,0.017577547250182,-31.78,413.554657287157,2.7425,1.444,1.3165,5.503,26.9100082291955,0.0975162007600123,0.065519720519872,-31.72125,253.48544811066,-0.876427664975023
"Agoseris heterophylla",87,2016,0,"",95,"D",95,0,0.0145,0.0175,0.016,0.048,22.5838598843642,0.017577547250182,-31.78,413.554657287157,2.7425,1.444,1.3165,5.503,26.9100082291955,0.0975162007600123,0.065519720519872,-31.72125,253.48544811066,-0.876427664975023
"Agoseris heterophylla",92,2017,0,NA,94,"C",94,0,0.0145,0.0175,0.016,0.048,22.5838598843642,0.017577547250182,-31.78,413.554657287157,2.7425,1.444,1.3165,5.503,26.9100082291955,0.0975162007600123,0.065519720519872,-31.72125,253.48544811066,-0.876427664975023
"Agoseris heterophylla",55,2016,0,"",95,"W",95,0,0.0145,0.0175,0.016,0.048,22.5838598843642,0.017577547250182,-31.78,413.554657287157,2.7425,1.444,1.3165,5.503,26.9100082291955,0.0975162007600123,0.065519720519872,-31.72125,253.48544811066,-0.876427664975023
"Agoseris heterophylla",97,2017,0,NA,94,"D",94,0,0.0145,0.0175,0.016,0.048,22.5838598843642,0.017577547250182,-31.78,413.554657287157,2.7425,1.444,1.3165,5.503,26.9100082291955,0.0975162007600123,0.065519720519872,-31.72125,253.48544811066,-0.876427664975023
"Agoseris heterophylla",99,2016,0,"",95,"D",95,0,0.0145,0.0175,0.016,0.048,22.5838598843642,0.017577547250182,-31.78,413.554657287157,2.7425,1.444,1.3165,5.503,26.9100082291955,0.0975162007600123,0.065519720519872,-31.72125,253.48544811066,-0.876427664975023
"Agoseris heterophylla",23,2017,0,NA,94,"W",94,0,0.0145,0.0175,0.016,0.048,22.5838598843642,0.017577547250182,-31.78,413.554657287157,2.7425,1.444,1.3165,5.503,26.9100082291955,0.0975162007600123,0.065519720519872,-31.72125,253.48544811066,-0.876427664975023
"Agoseris heterophylla",99,2017,1,NA,94,"D",94,0.0106382978723404,0.0145,0.0175,0.016,0.048,22.5838598843642,0.017577547250182,-31.78,413.554657287157,2.7425,1.444,1.3165,5.503,26.9100082291955,0.0975162007600123,0.065519720519872,-31.72125,253.48544811066,-0.876427664975023
"Agoseris heterophylla",96,2017,0,NA,94,"C",94,0,0.0145,0.0175,0.016,0.048,22.5838598843642,0.017577547250182,-31.78,413.554657287157,2.7425,1.444,1.3165,5.503,26.9100082291955,0.0975162007600123,0.065519720519872,-31.72125,253.48544811066,-0.876427664975023
"Agoseris heterophylla",89,2016,1,"",95,"D",95,0.0105263157894737,0.0145,0.0175,0.016,0.048,22.5838598843642,0.017577547250182,-31.78,413.554657287157,2.7425,1.444,1.3165,5.503,26.9100082291955,0.0975162007600123,0.065519720519872,-31.72125,253.48544811066,-0.876427664975023
"Agoseris heterophylla",98,2017,1,NA,94,"C",94,0.0106382978723404,0.0145,0.0175,0.016,0.048,22.5838598843642,0.017577547250182,-31.78,413.554657287157,2.7425,1.444,1.3165,5.503,26.9100082291955,0.0975162007600123,0.065519720519872,-31.72125,253.48544811066,-0.876427664975023
"Agoseris heterophylla",87,2017,1,NA,94,"D",94,0.0106382978723404,0.0145,0.0175,0.016,0.048,22.5838598843642,0.017577547250182,-31.78,413.554657287157,2.7425,1.444,1.3165,5.503,26.9100082291955,0.0975162007600123,0.065519720519872,-31.72125,253.48544811066,-0.876427664975023
"Agoseris heterophylla",30,2017,2,NA,94,"C",94,0.0212765957446809,0.0145,0.0175,0.016,0.048,22.5838598843642,0.017577547250182,-31.78,413.554657287157,2.7425,1.444,1.3165,5.503,26.9100082291955,0.0975162007600123,0.065519720519872,-31.72125,253.48544811066,-0.876427664975023
"Agoseris heterophylla",82,2016,0,"",95,"C",95,0,0.0145,0.0175,0.016,0.048,22.5838598843642,0.017577547250182,-31.78,413.554657287157,2.7425,1.444,1.3165,5.503,26.9100082291955,0.0975162007600123,0.065519720519872,-31.72125,253.48544811066,-0.876427664975023
"Agoseris heterophylla",92,2016,3,"",95,"C",95,0.0315789473684211,0.0145,0.0175,0.016,0.048,22.5838598843642,0.017577547250182,-31.78,413.554657287157,2.7425,1.444,1.3165,5.503,26.9100082291955,0.0975162007600123,0.065519720519872,-31.72125,253.48544811066,-0.876427664975023
"Agoseris heterophylla",93,2017,1,NA,94,"D",94,0.0106382978723404,0.0145,0.0175,0.016,0.048,22.5838598843642,0.017577547250182,-31.78,413.554657287157,2.7425,1.444,1.3165,5.503,26.9100082291955,0.0975162007600123,0.065519720519872,-31.72125,253.48544811066,-0.876427664975023
"Agoseris heterophylla",55,2017,0,NA,94,"W",94,0,0.0145,0.0175,0.016,0.048,22.5838598843642,0.017577547250182,-31.78,413.554657287157,2.7425,1.444,1.3165,5.503,26.9100082291955,0.0975162007600123,0.065519720519872,-31.72125,253.48544811066,-0.876427664975023
"Agoseris heterophylla",85,2016,1,"",95,"D",95,0.0105263157894737,0.0145,0.0175,0.016,0.048,22.5838598843642,0.017577547250182,-31.78,413.554657287157,2.7425,1.444,1.3165,5.503,26.9100082291955,0.0975162007600123,0.065519720519872,-31.72125,253.48544811066,-0.876427664975023
"Agoseris heterophylla",15,2017,1,NA,94,"W",94,0.0106382978723404,0.0145,0.0175,0.016,0.048,22.5838598843642,0.017577547250182,-31.78,413.554657287157,2.7425,1.444,1.3165,5.503,26.9100082291955,0.0975162007600123,0.065519720519872,-31.72125,253.48544811066,-0.876427664975023
"Agoseris heterophylla",30,2016,11,"",95,"C",95,0.115789473684211,0.0145,0.0175,0.016,0.048,22.5838598843642,0.017577547250182,-31.78,413.554657287157,2.7425,1.444,1.3165,5.503,26.9100082291955,0.0975162007600123,0.065519720519872,-31.72125,253.48544811066,-0.876427664975023
"Agoseris heterophylla",91,2017,0,NA,94,"D",94,0,0.0145,0.0175,0.016,0.048,22.5838598843642,0.017577547250182,-31.78,413.554657287157,2.7425,1.444,1.3165,5.503,26.9100082291955,0.0975162007600123,0.065519720519872,-31.72125,253.48544811066,-0.876427664975023
"Agoseris heterophylla",29,2017,4,NA,94,"W",94,0.0425531914893617,0.0145,0.0175,0.016,0.048,22.5838598843642,0.017577547250182,-31.78,413.554657287157,2.7425,1.444,1.3165,5.503,26.9100082291955,0.0975162007600123,0.065519720519872,-31.72125,253.48544811066,-0.876427664975023
"Agoseris heterophylla",96,2016,1,"",95,"C",95,0.0105263157894737,0.0145,0.0175,0.016,0.048,22.5838598843642,0.017577547250182,-31.78,413.554657287157,2.7425,1.444,1.3165,5.503,26.9100082291955,0.0975162007600123,0.065519720519872,-31.72125,253.48544811066,-0.876427664975023
"Agoseris heterophylla",89,2017,2,NA,94,"D",94,0.0212765957446809,0.0145,0.0175,0.016,0.048,22.5838598843642,0.017577547250182,-31.78,413.554657287157,2.7425,1.444,1.3165,5.503,26.9100082291955,0.0975162007600123,0.065519720519872,-31.72125,253.48544811066,-0.876427664975023
"Agoseris heterophylla",83,2016,0,"",95,"D",95,0,0.0145,0.0175,0.016,0.048,22.5838598843642,0.017577547250182,-31.78,413.554657287157,2.7425,1.444,1.3165,5.503,26.9100082291955,0.0975162007600123,0.065519720519872,-31.72125,253.48544811066,-0.876427664975023
"Agoseris heterophylla",81,2017,0,NA,94,"D",94,0,0.0145,0.0175,0.016,0.048,22.5838598843642,0.017577547250182,-31.78,413.554657287157,2.7425,1.444,1.3165,5.503,26.9100082291955,0.0975162007600123,0.065519720519872,-31.72125,253.48544811066,-0.876427664975023
"Agoseris heterophylla",97,2016,0,"",95,"D",95,0,0.0145,0.0175,0.016,0.048,22.5838598843642,0.017577547250182,-31.78,413.554657287157,2.7425,1.444,1.3165,5.503,26.9100082291955,0.0975162007600123,0.065519720519872,-31.72125,253.48544811066,-0.876427664975023
"Agoseris heterophylla",85,2017,0,NA,94,"D",94,0,0.0145,0.0175,0.016,0.048,22.5838598843642,0.017577547250182,-31.78,413.554657287157,2.7425,1.444,1.3165,5.503,26.9100082291955,0.0975162007600123,0.065519720519872,-31.72125,253.48544811066,-0.876427664975023
"Calycadenia pauciflora",86,2017,12,NA,31,"C",31,0.387096774193548,0.0493,0.0452,0.0235,0.118,42.8969891445956,0.00657220866098199,-28.6,54.5559523809524,5.892,3.476,2.2435,11.6115,27.6368979483475,0.0685650917371834,0.0416124703563378,-30.95375,60.8863636363636,1.54518049907422
"Calycadenia pauciflora",55,2017,15,NA,31,"W",31,0.483870967741935,0.0493,0.0452,0.0235,0.118,42.8969891445956,0.00657220866098199,-28.6,54.5559523809524,5.892,3.476,2.2435,11.6115,27.6368979483475,0.0685650917371834,0.0416124703563378,-30.95375,60.8863636363636,1.54518049907422
"Calycadenia pauciflora",85,2017,14,NA,31,"D",31,0.451612903225806,0.0493,0.0452,0.0235,0.118,42.8969891445956,0.00657220866098199,-28.6,54.5559523809524,5.892,3.476,2.2435,11.6115,27.6368979483475,0.0685650917371834,0.0416124703563378,-30.95375,60.8863636363636,1.54518049907422
"Calycadenia pauciflora",96,2017,18,NA,31,"C",31,0.580645161290323,0.0493,0.0452,0.0235,0.118,42.8969891445956,0.00657220866098199,-28.6,54.5559523809524,5.892,3.476,2.2435,11.6115,27.6368979483475,0.0685650917371834,0.0416124703563378,-30.95375,60.8863636363636,1.54518049907422
"Calycadenia pauciflora",97,2017,16,NA,31,"D",31,0.516129032258065,0.0493,0.0452,0.0235,0.118,42.8969891445956,0.00657220866098199,-28.6,54.5559523809524,5.892,3.476,2.2435,11.6115,27.6368979483475,0.0685650917371834,0.0416124703563378,-30.95375,60.8863636363636,1.54518049907422
"Calycadenia pauciflora",15,2017,16,NA,31,"W",31,0.516129032258065,0.0493,0.0452,0.0235,0.118,42.8969891445956,0.00657220866098199,-28.6,54.5559523809524,5.892,3.476,2.2435,11.6115,27.6368979483475,0.0685650917371834,0.0416124703563378,-30.95375,60.8863636363636,1.54518049907422
"Calycadenia pauciflora",19,2017,8,NA,31,"W",31,0.258064516129032,0.0493,0.0452,0.0235,0.118,42.8969891445956,0.00657220866098199,-28.6,54.5559523809524,5.892,3.476,2.2435,11.6115,27.6368979483475,0.0685650917371834,0.0416124703563378,-30.95375,60.8863636363636,1.54518049907422
"Calycadenia pauciflora",18,2017,11,NA,31,"C",31,0.354838709677419,0.0493,0.0452,0.0235,0.118,42.8969891445956,0.00657220866098199,-28.6,54.5559523809524,5.892,3.476,2.2435,11.6115,27.6368979483475,0.0685650917371834,0.0416124703563378,-30.95375,60.8863636363636,1.54518049907422
"Calycadenia pauciflora",30,2017,10,NA,31,"C",31,0.32258064516129,0.0493,0.0452,0.0235,0.118,42.8969891445956,0.00657220866098199,-28.6,54.5559523809524,5.892,3.476,2.2435,11.6115,27.6368979483475,0.0685650917371834,0.0416124703563378,-30.95375,60.8863636363636,1.54518049907422
"Calycadenia pauciflora",83,2017,23,NA,31,"D",31,0.741935483870968,0.0493,0.0452,0.0235,0.118,42.8969891445956,0.00657220866098199,-28.6,54.5559523809524,5.892,3.476,2.2435,11.6115,27.6368979483475,0.0685650917371834,0.0416124703563378,-30.95375,60.8863636363636,1.54518049907422
"Calycadenia pauciflora",82,2017,9,NA,31,"C",31,0.290322580645161,0.0493,0.0452,0.0235,0.118,42.8969891445956,0.00657220866098199,-28.6,54.5559523809524,5.892,3.476,2.2435,11.6115,27.6368979483475,0.0685650917371834,0.0416124703563378,-30.95375,60.8863636363636,1.54518049907422
"Calycadenia pauciflora",37,2017,19,NA,31,"W",31,0.612903225806452,0.0493,0.0452,0.0235,0.118,42.8969891445956,0.00657220866098199,-28.6,54.5559523809524,5.892,3.476,2.2435,11.6115,27.6368979483475,0.0685650917371834,0.0416124703563378,-30.95375,60.8863636363636,1.54518049907422
"Calycadenia pauciflora",17,2017,31,NA,31,"W",31,1,0.0493,0.0452,0.0235,0.118,42.8969891445956,0.00657220866098199,-28.6,54.5559523809524,5.892,3.476,2.2435,11.6115,27.6368979483475,0.0685650917371834,0.0416124703563378,-30.95375,60.8863636363636,1.54518049907422
"Calycadenia pauciflora",92,2017,15,NA,31,"C",31,0.483870967741935,0.0493,0.0452,0.0235,0.118,42.8969891445956,0.00657220866098199,-28.6,54.5559523809524,5.892,3.476,2.2435,11.6115,27.6368979483475,0.0685650917371834,0.0416124703563378,-30.95375,60.8863636363636,1.54518049907422
"Calycadenia pauciflora",5,2017,23,NA,31,"W",31,0.741935483870968,0.0493,0.0452,0.0235,0.118,42.8969891445956,0.00657220866098199,-28.6,54.5559523809524,5.892,3.476,2.2435,11.6115,27.6368979483475,0.0685650917371834,0.0416124703563378,-30.95375,60.8863636363636,1.54518049907422
"Calycadenia pauciflora",29,2017,15,NA,31,"W",31,0.483870967741935,0.0493,0.0452,0.0235,0.118,42.8969891445956,0.00657220866098199,-28.6,54.5559523809524,5.892,3.476,2.2435,11.6115,27.6368979483475,0.0685650917371834,0.0416124703563378,-30.95375,60.8863636363636,1.54518049907422
"Calycadenia pauciflora",95,2017,17,NA,31,"D",31,0.548387096774194,0.0493,0.0452,0.0235,0.118,42.8969891445956,0.00657220866098199,-28.6,54.5559523809524,5.892,3.476,2.2435,11.6115,27.6368979483475,0.0685650917371834,0.0416124703563378,-30.95375,60.8863636363636,1.54518049907422
"Calycadenia pauciflora",84,2017,24,NA,31,"C",31,0.774193548387097,0.0493,0.0452,0.0235,0.118,42.8969891445956,0.00657220866098199,-28.6,54.5559523809524,5.892,3.476,2.2435,11.6115,27.6368979483475,0.0685650917371834,0.0416124703563378,-30.95375,60.8863636363636,1.54518049907422
"Calycadenia pauciflora",98,2017,14,NA,31,"C",31,0.451612903225806,0.0493,0.0452,0.0235,0.118,42.8969891445956,0.00657220866098199,-28.6,54.5559523809524,5.892,3.476,2.2435,11.6115,27.6368979483475,0.0685650917371834,0.0416124703563378,-30.95375,60.8863636363636,1.54518049907422
"Calycadenia pauciflora",91,2017,23,NA,31,"D",31,0.741935483870968,0.0493,0.0452,0.0235,0.118,42.8969891445956,0.00657220866098199,-28.6,54.5559523809524,5.892,3.476,2.2435,11.6115,27.6368979483475,0.0685650917371834,0.0416124703563378,-30.95375,60.8863636363636,1.54518049907422
"Calycadenia pauciflora",81,2017,12,NA,31,"D",31,0.387096774193548,0.0493,0.0452,0.0235,0.118,42.8969891445956,0.00657220866098199,-28.6,54.5559523809524,5.892,3.476,2.2435,11.6115,27.6368979483475,0.0685650917371834,0.0416124703563378,-30.95375,60.8863636363636,1.54518049907422
"Calycadenia pauciflora",50,2017,25,NA,31,"C",31,0.806451612903226,0.0493,0.0452,0.0235,0.118,42.8969891445956,0.00657220866098199,-28.6,54.5559523809524,5.892,3.476,2.2435,11.6115,27.6368979483475,0.0685650917371834,0.0416124703563378,-30.95375,60.8863636363636,1.54518049907422
"Calycadenia pauciflora",89,2017,11,NA,31,"D",31,0.354838709677419,0.0493,0.0452,0.0235,0.118,42.8969891445956,0.00657220866098199,-28.6,54.5559523809524,5.892,3.476,2.2435,11.6115,27.6368979483475,0.0685650917371834,0.0416124703563378,-30.95375,60.8863636363636,1.54518049907422
"Calycadenia pauciflora",56,2017,11,NA,31,"C",31,0.354838709677419,0.0493,0.0452,0.0235,0.118,42.8969891445956,0.00657220866098199,-28.6,54.5559523809524,5.892,3.476,2.2435,11.6115,27.6368979483475,0.0685650917371834,0.0416124703563378,-30.95375,60.8863636363636,1.54518049907422
"Calycadenia pauciflora",87,2017,21,NA,31,"D",31,0.67741935483871,0.0493,0.0452,0.0235,0.118,42.8969891445956,0.00657220866098199,-28.6,54.5559523809524,5.892,3.476,2.2435,11.6115,27.6368979483475,0.0685650917371834,0.0416124703563378,-30.95375,60.8863636363636,1.54518049907422
"Calycadenia pauciflora",49,2017,21,NA,31,"W",31,0.67741935483871,0.0493,0.0452,0.0235,0.118,42.8969891445956,0.00657220866098199,-28.6,54.5559523809524,5.892,3.476,2.2435,11.6115,27.6368979483475,0.0685650917371834,0.0416124703563378,-30.95375,60.8863636363636,1.54518049907422
"Calycadenia pauciflora",59,2017,13,NA,31,"W",31,0.419354838709677,0.0493,0.0452,0.0235,0.118,42.8969891445956,0.00657220866098199,-28.6,54.5559523809524,5.892,3.476,2.2435,11.6115,27.6368979483475,0.0685650917371834,0.0416124703563378,-30.95375,60.8863636363636,1.54518049907422
"Calycadenia pauciflora",23,2017,24,NA,31,"W",31,0.774193548387097,0.0493,0.0452,0.0235,0.118,42.8969891445956,0.00657220866098199,-28.6,54.5559523809524,5.892,3.476,2.2435,11.6115,27.6368979483475,0.0685650917371834,0.0416124703563378,-30.95375,60.8863636363636,1.54518049907422
"Calycadenia pauciflora",93,2017,21,NA,31,"D",31,0.67741935483871,0.0493,0.0452,0.0235,0.118,42.8969891445956,0.00657220866098199,-28.6,54.5559523809524,5.892,3.476,2.2435,11.6115,27.6368979483475,0.0685650917371834,0.0416124703563378,-30.95375,60.8863636363636,1.54518049907422
"Calycadenia pauciflora",99,2017,26,NA,31,"D",31,0.838709677419355,0.0493,0.0452,0.0235,0.118,42.8969891445956,0.00657220866098199,-28.6,54.5559523809524,5.892,3.476,2.2435,11.6115,27.6368979483475,0.0685650917371834,0.0416124703563378,-30.95375,60.8863636363636,1.54518049907422
"Clarkia purpurea",56,2016,79,"",96,"C",96,0.822916666666667,0.0964,0.063,0.0619,0.2213,24.4741867318557,0.012867570693804,-29.412,87.0447635697636,4.7645,1.6625,5.486,11.913,21.8780938909965,0.0929373297256439,0.0591702515852811,-30.2925,138.113200618826,0.605290877224273
"Clarkia purpurea",96,2016,68,"",96,"C",96,0.708333333333333,0.0964,0.063,0.0619,0.2213,24.4741867318557,0.012867570693804,-29.412,87.0447635697636,4.7645,1.6625,5.486,11.913,21.8780938909965,0.0929373297256439,0.0591702515852811,-30.2925,138.113200618826,0.605290877224273
"Clarkia purpurea",5,2017,19,NA,96,"W",96,0.197916666666667,0.0964,0.063,0.0619,0.2213,24.4741867318557,0.012867570693804,-29.412,87.0447635697636,4.7645,1.6625,5.486,11.913,21.8780938909965,0.0929373297256439,0.0591702515852811,-30.2925,138.113200618826,0.605290877224273
"Clarkia purpurea",49,2017,34,NA,96,"W",96,0.354166666666667,0.0964,0.063,0.0619,0.2213,24.4741867318557,0.012867570693804,-29.412,87.0447635697636,4.7645,1.6625,5.486,11.913,21.8780938909965,0.0929373297256439,0.0591702515852811,-30.2925,138.113200618826,0.605290877224273
"Clarkia purpurea",81,2017,10,NA,96,"D",96,0.104166666666667,0.0964,0.063,0.0619,0.2213,24.4741867318557,0.012867570693804,-29.412,87.0447635697636,4.7645,1.6625,5.486,11.913,21.8780938909965,0.0929373297256439,0.0591702515852811,-30.2925,138.113200618826,0.605290877224273
"Clarkia purpurea",83,2017,40,NA,96,"D",96,0.416666666666667,0.0964,0.063,0.0619,0.2213,24.4741867318557,0.012867570693804,-29.412,87.0447635697636,4.7645,1.6625,5.486,11.913,21.8780938909965,0.0929373297256439,0.0591702515852811,-30.2925,138.113200618826,0.605290877224273
"Clarkia purpurea",82,2017,39,NA,96,"C",96,0.40625,0.0964,0.063,0.0619,0.2213,24.4741867318557,0.012867570693804,-29.412,87.0447635697636,4.7645,1.6625,5.486,11.913,21.8780938909965,0.0929373297256439,0.0591702515852811,-30.2925,138.113200618826,0.605290877224273
"Clarkia purpurea",17,2016,46,"",96,"W",96,0.479166666666667,0.0964,0.063,0.0619,0.2213,24.4741867318557,0.012867570693804,-29.412,87.0447635697636,4.7645,1.6625,5.486,11.913,21.8780938909965,0.0929373297256439,0.0591702515852811,-30.2925,138.113200618826,0.605290877224273
"Clarkia purpurea",81,2016,91,"",96,"D",96,0.947916666666667,0.0964,0.063,0.0619,0.2213,24.4741867318557,0.012867570693804,-29.412,87.0447635697636,4.7645,1.6625,5.486,11.913,21.8780938909965,0.0929373297256439,0.0591702515852811,-30.2925,138.113200618826,0.605290877224273
"Clarkia purpurea",83,2016,54,"",96,"D",96,0.5625,0.0964,0.063,0.0619,0.2213,24.4741867318557,0.012867570693804,-29.412,87.0447635697636,4.7645,1.6625,5.486,11.913,21.8780938909965,0.0929373297256439,0.0591702515852811,-30.2925,138.113200618826,0.605290877224273
"Clarkia purpurea",92,2016,83,"",96,"C",96,0.864583333333333,0.0964,0.063,0.0619,0.2213,24.4741867318557,0.012867570693804,-29.412,87.0447635697636,4.7645,1.6625,5.486,11.913,21.8780938909965,0.0929373297256439,0.0591702515852811,-30.2925,138.113200618826,0.605290877224273
"Clarkia purpurea",93,2017,21,NA,96,"D",96,0.21875,0.0964,0.063,0.0619,0.2213,24.4741867318557,0.012867570693804,-29.412,87.0447635697636,4.7645,1.6625,5.486,11.913,21.8780938909965,0.0929373297256439,0.0591702515852811,-30.2925,138.113200618826,0.605290877224273
"Clarkia purpurea",89,2017,21,NA,96,"D",96,0.21875,0.0964,0.063,0.0619,0.2213,24.4741867318557,0.012867570693804,-29.412,87.0447635697636,4.7645,1.6625,5.486,11.913,21.8780938909965,0.0929373297256439,0.0591702515852811,-30.2925,138.113200618826,0.605290877224273
"Clarkia purpurea",85,2016,68,"",96,"D",96,0.708333333333333,0.0964,0.063,0.0619,0.2213,24.4741867318557,0.012867570693804,-29.412,87.0447635697636,4.7645,1.6625,5.486,11.913,21.8780938909965,0.0929373297256439,0.0591702515852811,-30.2925,138.113200618826,0.605290877224273
"Clarkia purpurea",50,2016,78,"",96,"C",96,0.8125,0.0964,0.063,0.0619,0.2213,24.4741867318557,0.012867570693804,-29.412,87.0447635697636,4.7645,1.6625,5.486,11.913,21.8780938909965,0.0929373297256439,0.0591702515852811,-30.2925,138.113200618826,0.605290877224273
"Clarkia purpurea",30,2017,32,NA,96,"C",96,0.333333333333333,0.0964,0.063,0.0619,0.2213,24.4741867318557,0.012867570693804,-29.412,87.0447635697636,4.7645,1.6625,5.486,11.913,21.8780938909965,0.0929373297256439,0.0591702515852811,-30.2925,138.113200618826,0.605290877224273
"Clarkia purpurea",15,2017,12,NA,96,"W",96,0.125,0.0964,0.063,0.0619,0.2213,24.4741867318557,0.012867570693804,-29.412,87.0447635697636,4.7645,1.6625,5.486,11.913,21.8780938909965,0.0929373297256439,0.0591702515852811,-30.2925,138.113200618826,0.605290877224273
"Clarkia purpurea",30,2016,87,"",96,"C",96,0.90625,0.0964,0.063,0.0619,0.2213,24.4741867318557,0.012867570693804,-29.412,87.0447635697636,4.7645,1.6625,5.486,11.913,21.8780938909965,0.0929373297256439,0.0591702515852811,-30.2925,138.113200618826,0.605290877224273
"Clarkia purpurea",85,2017,31,NA,96,"D",96,0.322916666666667,0.0964,0.063,0.0619,0.2213,24.4741867318557,0.012867570693804,-29.412,87.0447635697636,4.7645,1.6625,5.486,11.913,21.8780938909965,0.0929373297256439,0.0591702515852811,-30.2925,138.113200618826,0.605290877224273
"Clarkia purpurea",95,2017,22,NA,96,"D",96,0.229166666666667,0.0964,0.063,0.0619,0.2213,24.4741867318557,0.012867570693804,-29.412,87.0447635697636,4.7645,1.6625,5.486,11.913,21.8780938909965,0.0929373297256439,0.0591702515852811,-30.2925,138.113200618826,0.605290877224273
"Clarkia purpurea",86,2016,51,"",96,"C",96,0.53125,0.0964,0.063,0.0619,0.2213,24.4741867318557,0.012867570693804,-29.412,87.0447635697636,4.7645,1.6625,5.486,11.913,21.8780938909965,0.0929373297256439,0.0591702515852811,-30.2925,138.113200618826,0.605290877224273
"Clarkia purpurea",23,2017,29,NA,96,"W",96,0.302083333333333,0.0964,0.063,0.0619,0.2213,24.4741867318557,0.012867570693804,-29.412,87.0447635697636,4.7645,1.6625,5.486,11.913,21.8780938909965,0.0929373297256439,0.0591702515852811,-30.2925,138.113200618826,0.605290877224273
"Clarkia purpurea",19,2016,111,"",96,"W",111,1,0.0964,0.063,0.0619,0.2213,24.4741867318557,0.012867570693804,-29.412,87.0447635697636,4.7645,1.6625,5.486,11.913,21.8780938909965,0.0929373297256439,0.0591702515852811,-30.2925,138.113200618826,0.605290877224273
"Clarkia purpurea",18,2017,27,NA,96,"C",96,0.28125,0.0964,0.063,0.0619,0.2213,24.4741867318557,0.012867570693804,-29.412,87.0447635697636,4.7645,1.6625,5.486,11.913,21.8780938909965,0.0929373297256439,0.0591702515852811,-30.2925,138.113200618826,0.605290877224273
"Clarkia purpurea",84,2017,28,NA,96,"C",96,0.291666666666667,0.0964,0.063,0.0619,0.2213,24.4741867318557,0.012867570693804,-29.412,87.0447635697636,4.7645,1.6625,5.486,11.913,21.8780938909965,0.0929373297256439,0.0591702515852811,-30.2925,138.113200618826,0.605290877224273
"Clarkia purpurea",37,2017,44,NA,96,"W",96,0.458333333333333,0.0964,0.063,0.0619,0.2213,24.4741867318557,0.012867570693804,-29.412,87.0447635697636,4.7645,1.6625,5.486,11.913,21.8780938909965,0.0929373297256439,0.0591702515852811,-30.2925,138.113200618826,0.605290877224273
"Clarkia purpurea",29,2016,69,"",96,"W",96,0.71875,0.0964,0.063,0.0619,0.2213,24.4741867318557,0.012867570693804,-29.412,87.0447635697636,4.7645,1.6625,5.486,11.913,21.8780938909965,0.0929373297256439,0.0591702515852811,-30.2925,138.113200618826,0.605290877224273
"Clarkia purpurea",15,2016,76,"",96,"W",96,0.791666666666667,0.0964,0.063,0.0619,0.2213,24.4741867318557,0.012867570693804,-29.412,87.0447635697636,4.7645,1.6625,5.486,11.913,21.8780938909965,0.0929373297256439,0.0591702515852811,-30.2925,138.113200618826,0.605290877224273
"Clarkia purpurea",86,2017,18,NA,96,"C",96,0.1875,0.0964,0.063,0.0619,0.2213,24.4741867318557,0.012867570693804,-29.412,87.0447635697636,4.7645,1.6625,5.486,11.913,21.8780938909965,0.0929373297256439,0.0591702515852811,-30.2925,138.113200618826,0.605290877224273
"Clarkia purpurea",55,2017,28,NA,96,"W",96,0.291666666666667,0.0964,0.063,0.0619,0.2213,24.4741867318557,0.012867570693804,-29.412,87.0447635697636,4.7645,1.6625,5.486,11.913,21.8780938909965,0.0929373297256439,0.0591702515852811,-30.2925,138.113200618826,0.605290877224273
"Clarkia purpurea",59,2016,99,"",96,"W",99,1,0.0964,0.063,0.0619,0.2213,24.4741867318557,0.012867570693804,-29.412,87.0447635697636,4.7645,1.6625,5.486,11.913,21.8780938909965,0.0929373297256439,0.0591702515852811,-30.2925,138.113200618826,0.605290877224273
"Clarkia purpurea",56,2017,29,NA,96,"C",96,0.302083333333333,0.0964,0.063,0.0619,0.2213,24.4741867318557,0.012867570693804,-29.412,87.0447635697636,4.7645,1.6625,5.486,11.913,21.8780938909965,0.0929373297256439,0.0591702515852811,-30.2925,138.113200618826,0.605290877224273
"Clarkia purpurea",55,2016,37,"",96,"W",96,0.385416666666667,0.0964,0.063,0.0619,0.2213,24.4741867318557,0.012867570693804,-29.412,87.0447635697636,4.7645,1.6625,5.486,11.913,21.8780938909965,0.0929373297256439,0.0591702515852811,-30.2925,138.113200618826,0.605290877224273
"Clarkia purpurea",97,2016,78,"",96,"D",96,0.8125,0.0964,0.063,0.0619,0.2213,24.4741867318557,0.012867570693804,-29.412,87.0447635697636,4.7645,1.6625,5.486,11.913,21.8780938909965,0.0929373297256439,0.0591702515852811,-30.2925,138.113200618826,0.605290877224273
"Clarkia purpurea",29,2017,30,NA,96,"W",96,0.3125,0.0964,0.063,0.0619,0.2213,24.4741867318557,0.012867570693804,-29.412,87.0447635697636,4.7645,1.6625,5.486,11.913,21.8780938909965,0.0929373297256439,0.0591702515852811,-30.2925,138.113200618826,0.605290877224273
"Clarkia purpurea",23,2016,102,"",96,"W",102,1,0.0964,0.063,0.0619,0.2213,24.4741867318557,0.012867570693804,-29.412,87.0447635697636,4.7645,1.6625,5.486,11.913,21.8780938909965,0.0929373297256439,0.0591702515852811,-30.2925,138.113200618826,0.605290877224273
"Clarkia purpurea",98,2017,32,NA,96,"C",96,0.333333333333333,0.0964,0.063,0.0619,0.2213,24.4741867318557,0.012867570693804,-29.412,87.0447635697636,4.7645,1.6625,5.486,11.913,21.8780938909965,0.0929373297256439,0.0591702515852811,-30.2925,138.113200618826,0.605290877224273
"Clarkia purpurea",5,2016,75,"",96,"W",96,0.78125,0.0964,0.063,0.0619,0.2213,24.4741867318557,0.012867570693804,-29.412,87.0447635697636,4.7645,1.6625,5.486,11.913,21.8780938909965,0.0929373297256439,0.0591702515852811,-30.2925,138.113200618826,0.605290877224273
"Clarkia purpurea",89,2016,26,"",96,"D",96,0.270833333333333,0.0964,0.063,0.0619,0.2213,24.4741867318557,0.012867570693804,-29.412,87.0447635697636,4.7645,1.6625,5.486,11.913,21.8780938909965,0.0929373297256439,0.0591702515852811,-30.2925,138.113200618826,0.605290877224273
"Clarkia purpurea",92,2017,22,NA,96,"C",96,0.229166666666667,0.0964,0.063,0.0619,0.2213,24.4741867318557,0.012867570693804,-29.412,87.0447635697636,4.7645,1.6625,5.486,11.913,21.8780938909965,0.0929373297256439,0.0591702515852811,-30.2925,138.113200618826,0.605290877224273
"Clarkia purpurea",96,2017,36,NA,96,"C",96,0.375,0.0964,0.063,0.0619,0.2213,24.4741867318557,0.012867570693804,-29.412,87.0447635697636,4.7645,1.6625,5.486,11.913,21.8780938909965,0.0929373297256439,0.0591702515852811,-30.2925,138.113200618826,0.605290877224273
"Clarkia purpurea",84,2016,73,"",96,"C",96,0.760416666666667,0.0964,0.063,0.0619,0.2213,24.4741867318557,0.012867570693804,-29.412,87.0447635697636,4.7645,1.6625,5.486,11.913,21.8780938909965,0.0929373297256439,0.0591702515852811,-30.2925,138.113200618826,0.605290877224273
"Clarkia purpurea",97,2017,33,NA,96,"D",96,0.34375,0.0964,0.063,0.0619,0.2213,24.4741867318557,0.012867570693804,-29.412,87.0447635697636,4.7645,1.6625,5.486,11.913,21.8780938909965,0.0929373297256439,0.0591702515852811,-30.2925,138.113200618826,0.605290877224273
"Clarkia purpurea",91,2017,33,NA,96,"D",96,0.34375,0.0964,0.063,0.0619,0.2213,24.4741867318557,0.012867570693804,-29.412,87.0447635697636,4.7645,1.6625,5.486,11.913,21.8780938909965,0.0929373297256439,0.0591702515852811,-30.2925,138.113200618826,0.605290877224273
"Clarkia purpurea",95,2016,75,"",96,"D",96,0.78125,0.0964,0.063,0.0619,0.2213,24.4741867318557,0.012867570693804,-29.412,87.0447635697636,4.7645,1.6625,5.486,11.913,21.8780938909965,0.0929373297256439,0.0591702515852811,-30.2925,138.113200618826,0.605290877224273
"Clarkia purpurea",59,2017,24,NA,96,"W",96,0.25,0.0964,0.063,0.0619,0.2213,24.4741867318557,0.012867570693804,-29.412,87.0447635697636,4.7645,1.6625,5.486,11.913,21.8780938909965,0.0929373297256439,0.0591702515852811,-30.2925,138.113200618826,0.605290877224273
"Clarkia purpurea",19,2017,29,NA,96,"W",96,0.302083333333333,0.0964,0.063,0.0619,0.2213,24.4741867318557,0.012867570693804,-29.412,87.0447635697636,4.7645,1.6625,5.486,11.913,21.8780938909965,0.0929373297256439,0.0591702515852811,-30.2925,138.113200618826,0.605290877224273
"Clarkia purpurea",87,2017,33,NA,96,"D",96,0.34375,0.0964,0.063,0.0619,0.2213,24.4741867318557,0.012867570693804,-29.412,87.0447635697636,4.7645,1.6625,5.486,11.913,21.8780938909965,0.0929373297256439,0.0591702515852811,-30.2925,138.113200618826,0.605290877224273
"Clarkia purpurea",91,2016,55,"",96,"D",96,0.572916666666667,0.0964,0.063,0.0619,0.2213,24.4741867318557,0.012867570693804,-29.412,87.0447635697636,4.7645,1.6625,5.486,11.913,21.8780938909965,0.0929373297256439,0.0591702515852811,-30.2925,138.113200618826,0.605290877224273
"Clarkia purpurea",99,2017,49,NA,96,"D",96,0.510416666666667,0.0964,0.063,0.0619,0.2213,24.4741867318557,0.012867570693804,-29.412,87.0447635697636,4.7645,1.6625,5.486,11.913,21.8780938909965,0.0929373297256439,0.0591702515852811,-30.2925,138.113200618826,0.605290877224273
"Clarkia purpurea",93,2016,94,"",96,"D",96,0.979166666666667,0.0964,0.063,0.0619,0.2213,24.4741867318557,0.012867570693804,-29.412,87.0447635697636,4.7645,1.6625,5.486,11.913,21.8780938909965,0.0929373297256439,0.0591702515852811,-30.2925,138.113200618826,0.605290877224273
"Clarkia purpurea",49,2016,98,"",96,"W",98,1,0.0964,0.063,0.0619,0.2213,24.4741867318557,0.012867570693804,-29.412,87.0447635697636,4.7645,1.6625,5.486,11.913,21.8780938909965,0.0929373297256439,0.0591702515852811,-30.2925,138.113200618826,0.605290877224273
"Clarkia purpurea",98,2016,56,"",96,"C",96,0.583333333333333,0.0964,0.063,0.0619,0.2213,24.4741867318557,0.012867570693804,-29.412,87.0447635697636,4.7645,1.6625,5.486,11.913,21.8780938909965,0.0929373297256439,0.0591702515852811,-30.2925,138.113200618826,0.605290877224273
"Clarkia purpurea",50,2017,41,NA,96,"C",96,0.427083333333333,0.0964,0.063,0.0619,0.2213,24.4741867318557,0.012867570693804,-29.412,87.0447635697636,4.7645,1.6625,5.486,11.913,21.8780938909965,0.0929373297256439,0.0591702515852811,-30.2925,138.113200618826,0.605290877224273
"Clarkia purpurea",99,2016,76,"",96,"D",96,0.791666666666667,0.0964,0.063,0.0619,0.2213,24.4741867318557,0.012867570693804,-29.412,87.0447635697636,4.7645,1.6625,5.486,11.913,21.8780938909965,0.0929373297256439,0.0591702515852811,-30.2925,138.113200618826,0.605290877224273
"Hemizonia congesta",30,2017,13,NA,48,"C",48,0.270833333333333,0.6358,0.37525,0.18655,1.1976,24.1626436993638,0.0112431045997816,-28.01,64.0496757628337,9.145,3.815,1.254,14.214,17.2869837652257,0.071483335260882,0.0514019083429754,-29.9875,87.9,1.3751567558586
"Hemizonia congesta",83,2017,18,NA,48,"D",48,0.375,0.6358,0.37525,0.18655,1.1976,24.1626436993638,0.0112431045997816,-28.01,64.0496757628337,9.145,3.815,1.254,14.214,17.2869837652257,0.071483335260882,0.0514019083429754,-29.9875,87.9,1.3751567558586
"Hemizonia congesta",18,2016,11,"",71,"C",71,0.154929577464789,0.6358,0.37525,0.18655,1.1976,24.1626436993638,0.0112431045997816,-28.01,64.0496757628337,9.145,3.815,1.254,14.214,17.2869837652257,0.071483335260882,0.0514019083429754,-29.9875,87.9,1.3751567558586
"Hemizonia congesta",89,2017,10,NA,48,"D",48,0.208333333333333,0.6358,0.37525,0.18655,1.1976,24.1626436993638,0.0112431045997816,-28.01,64.0496757628337,9.145,3.815,1.254,14.214,17.2869837652257,0.071483335260882,0.0514019083429754,-29.9875,87.9,1.3751567558586
"Hemizonia congesta",18,2017,4,NA,48,"C",48,0.0833333333333333,0.6358,0.37525,0.18655,1.1976,24.1626436993638,0.0112431045997816,-28.01,64.0496757628337,9.145,3.815,1.254,14.214,17.2869837652257,0.071483335260882,0.0514019083429754,-29.9875,87.9,1.3751567558586
"Hemizonia congesta",82,2016,54,"",71,"C",71,0.76056338028169,0.6358,0.37525,0.18655,1.1976,24.1626436993638,0.0112431045997816,-28.01,64.0496757628337,9.145,3.815,1.254,14.214,17.2869837652257,0.071483335260882,0.0514019083429754,-29.9875,87.9,1.3751567558586
"Hemizonia congesta",15,2017,5,NA,48,"W",48,0.104166666666667,0.6358,0.37525,0.18655,1.1976,24.1626436993638,0.0112431045997816,-28.01,64.0496757628337,9.145,3.815,1.254,14.214,17.2869837652257,0.071483335260882,0.0514019083429754,-29.9875,87.9,1.3751567558586
"Hemizonia congesta",23,2016,40,"",71,"W",71,0.563380281690141,0.6358,0.37525,0.18655,1.1976,24.1626436993638,0.0112431045997816,-28.01,64.0496757628337,9.145,3.815,1.254,14.214,17.2869837652257,0.071483335260882,0.0514019083429754,-29.9875,87.9,1.3751567558586
"Hemizonia congesta",29,2016,24,"",71,"W",71,0.338028169014085,0.6358,0.37525,0.18655,1.1976,24.1626436993638,0.0112431045997816,-28.01,64.0496757628337,9.145,3.815,1.254,14.214,17.2869837652257,0.071483335260882,0.0514019083429754,-29.9875,87.9,1.3751567558586
"Hemizonia congesta",50,2017,24,NA,48,"C",48,0.5,0.6358,0.37525,0.18655,1.1976,24.1626436993638,0.0112431045997816,-28.01,64.0496757628337,9.145,3.815,1.254,14.214,17.2869837652257,0.071483335260882,0.0514019083429754,-29.9875,87.9,1.3751567558586
"Hemizonia congesta",97,2017,32,NA,48,"D",48,0.666666666666667,0.6358,0.37525,0.18655,1.1976,24.1626436993638,0.0112431045997816,-28.01,64.0496757628337,9.145,3.815,1.254,14.214,17.2869837652257,0.071483335260882,0.0514019083429754,-29.9875,87.9,1.3751567558586
"Hemizonia congesta",17,2017,21,NA,48,"W",48,0.4375,0.6358,0.37525,0.18655,1.1976,24.1626436993638,0.0112431045997816,-28.01,64.0496757628337,9.145,3.815,1.254,14.214,17.2869837652257,0.071483335260882,0.0514019083429754,-29.9875,87.9,1.3751567558586
"Hemizonia congesta",17,2016,30,"",71,"W",71,0.422535211267606,0.6358,0.37525,0.18655,1.1976,24.1626436993638,0.0112431045997816,-28.01,64.0496757628337,9.145,3.815,1.254,14.214,17.2869837652257,0.071483335260882,0.0514019083429754,-29.9875,87.9,1.3751567558586
"Hemizonia congesta",5,2017,13,NA,48,"W",48,0.270833333333333,0.6358,0.37525,0.18655,1.1976,24.1626436993638,0.0112431045997816,-28.01,64.0496757628337,9.145,3.815,1.254,14.214,17.2869837652257,0.071483335260882,0.0514019083429754,-29.9875,87.9,1.3751567558586
"Hemizonia congesta",93,2016,55,"",71,"D",71,0.774647887323944,0.6358,0.37525,0.18655,1.1976,24.1626436993638,0.0112431045997816,-28.01,64.0496757628337,9.145,3.815,1.254,14.214,17.2869837652257,0.071483335260882,0.0514019083429754,-29.9875,87.9,1.3751567558586
"Hemizonia congesta",19,2017,22,NA,48,"W",48,0.458333333333333,0.6358,0.37525,0.18655,1.1976,24.1626436993638,0.0112431045997816,-28.01,64.0496757628337,9.145,3.815,1.254,14.214,17.2869837652257,0.071483335260882,0.0514019083429754,-29.9875,87.9,1.3751567558586
"Hemizonia congesta",19,2016,29,"double check in notebook",71,"W",71,0.408450704225352,0.6358,0.37525,0.18655,1.1976,24.1626436993638,0.0112431045997816,-28.01,64.0496757628337,9.145,3.815,1.254,14.214,17.2869837652257,0.071483335260882,0.0514019083429754,-29.9875,87.9,1.3751567558586
"Hemizonia congesta",91,2017,9,NA,48,"D",48,0.1875,0.6358,0.37525,0.18655,1.1976,24.1626436993638,0.0112431045997816,-28.01,64.0496757628337,9.145,3.815,1.254,14.214,17.2869837652257,0.071483335260882,0.0514019083429754,-29.9875,87.9,1.3751567558586
"Hemizonia congesta",29,2017,13,NA,48,"W",48,0.270833333333333,0.6358,0.37525,0.18655,1.1976,24.1626436993638,0.0112431045997816,-28.01,64.0496757628337,9.145,3.815,1.254,14.214,17.2869837652257,0.071483335260882,0.0514019083429754,-29.9875,87.9,1.3751567558586
"Hemizonia congesta",85,2016,54,"",71,"D",71,0.76056338028169,0.6358,0.37525,0.18655,1.1976,24.1626436993638,0.0112431045997816,-28.01,64.0496757628337,9.145,3.815,1.254,14.214,17.2869837652257,0.071483335260882,0.0514019083429754,-29.9875,87.9,1.3751567558586
"Hemizonia congesta",81,2017,11,NA,48,"D",48,0.229166666666667,0.6358,0.37525,0.18655,1.1976,24.1626436993638,0.0112431045997816,-28.01,64.0496757628337,9.145,3.815,1.254,14.214,17.2869837652257,0.071483335260882,0.0514019083429754,-29.9875,87.9,1.3751567558586
"Hemizonia congesta",81,2016,25,"",71,"D",71,0.352112676056338,0.6358,0.37525,0.18655,1.1976,24.1626436993638,0.0112431045997816,-28.01,64.0496757628337,9.145,3.815,1.254,14.214,17.2869837652257,0.071483335260882,0.0514019083429754,-29.9875,87.9,1.3751567558586
"Hemizonia congesta",93,2017,7,NA,48,"D",48,0.145833333333333,0.6358,0.37525,0.18655,1.1976,24.1626436993638,0.0112431045997816,-28.01,64.0496757628337,9.145,3.815,1.254,14.214,17.2869837652257,0.071483335260882,0.0514019083429754,-29.9875,87.9,1.3751567558586
"Hemizonia congesta",49,2017,7,NA,48,"W",48,0.145833333333333,0.6358,0.37525,0.18655,1.1976,24.1626436993638,0.0112431045997816,-28.01,64.0496757628337,9.145,3.815,1.254,14.214,17.2869837652257,0.071483335260882,0.0514019083429754,-29.9875,87.9,1.3751567558586
"Hemizonia congesta",59,2017,13,NA,48,"W",48,0.270833333333333,0.6358,0.37525,0.18655,1.1976,24.1626436993638,0.0112431045997816,-28.01,64.0496757628337,9.145,3.815,1.254,14.214,17.2869837652257,0.071483335260882,0.0514019083429754,-29.9875,87.9,1.3751567558586
"Hemizonia congesta",97,2016,28,"",71,"D",71,0.394366197183099,0.6358,0.37525,0.18655,1.1976,24.1626436993638,0.0112431045997816,-28.01,64.0496757628337,9.145,3.815,1.254,14.214,17.2869837652257,0.071483335260882,0.0514019083429754,-29.9875,87.9,1.3751567558586
"Hemizonia congesta",86,2016,36,"",71,"C",71,0.507042253521127,0.6358,0.37525,0.18655,1.1976,24.1626436993638,0.0112431045997816,-28.01,64.0496757628337,9.145,3.815,1.254,14.214,17.2869837652257,0.071483335260882,0.0514019083429754,-29.9875,87.9,1.3751567558586
"Hemizonia congesta",87,2017,5,NA,48,"D",48,0.104166666666667,0.6358,0.37525,0.18655,1.1976,24.1626436993638,0.0112431045997816,-28.01,64.0496757628337,9.145,3.815,1.254,14.214,17.2869837652257,0.071483335260882,0.0514019083429754,-29.9875,87.9,1.3751567558586
"Hemizonia congesta",5,2016,38,"",71,"W",71,0.535211267605634,0.6358,0.37525,0.18655,1.1976,24.1626436993638,0.0112431045997816,-28.01,64.0496757628337,9.145,3.815,1.254,14.214,17.2869837652257,0.071483335260882,0.0514019083429754,-29.9875,87.9,1.3751567558586
"Hemizonia congesta",96,2016,28,"",71,"C",71,0.394366197183099,0.6358,0.37525,0.18655,1.1976,24.1626436993638,0.0112431045997816,-28.01,64.0496757628337,9.145,3.815,1.254,14.214,17.2869837652257,0.071483335260882,0.0514019083429754,-29.9875,87.9,1.3751567558586
"Hemizonia congesta",56,2016,50,"",71,"C",71,0.704225352112676,0.6358,0.37525,0.18655,1.1976,24.1626436993638,0.0112431045997816,-28.01,64.0496757628337,9.145,3.815,1.254,14.214,17.2869837652257,0.071483335260882,0.0514019083429754,-29.9875,87.9,1.3751567558586
"Hemizonia congesta",37,2017,7,NA,48,"W",48,0.145833333333333,0.6358,0.37525,0.18655,1.1976,24.1626436993638,0.0112431045997816,-28.01,64.0496757628337,9.145,3.815,1.254,14.214,17.2869837652257,0.071483335260882,0.0514019083429754,-29.9875,87.9,1.3751567558586
"Hemizonia congesta",37,2016,45,"",71,"W",71,0.633802816901408,0.6358,0.37525,0.18655,1.1976,24.1626436993638,0.0112431045997816,-28.01,64.0496757628337,9.145,3.815,1.254,14.214,17.2869837652257,0.071483335260882,0.0514019083429754,-29.9875,87.9,1.3751567558586
"Hemizonia congesta",55,2017,12,NA,48,"W",48,0.25,0.6358,0.37525,0.18655,1.1976,24.1626436993638,0.0112431045997816,-28.01,64.0496757628337,9.145,3.815,1.254,14.214,17.2869837652257,0.071483335260882,0.0514019083429754,-29.9875,87.9,1.3751567558586
"Hemizonia congesta",99,2017,8,NA,48,"D",48,0.166666666666667,0.6358,0.37525,0.18655,1.1976,24.1626436993638,0.0112431045997816,-28.01,64.0496757628337,9.145,3.815,1.254,14.214,17.2869837652257,0.071483335260882,0.0514019083429754,-29.9875,87.9,1.3751567558586
"Hemizonia congesta",84,2017,22,NA,48,"C",48,0.458333333333333,0.6358,0.37525,0.18655,1.1976,24.1626436993638,0.0112431045997816,-28.01,64.0496757628337,9.145,3.815,1.254,14.214,17.2869837652257,0.071483335260882,0.0514019083429754,-29.9875,87.9,1.3751567558586
"Hemizonia congesta",30,2016,59,"",71,"C",71,0.830985915492958,0.6358,0.37525,0.18655,1.1976,24.1626436993638,0.0112431045997816,-28.01,64.0496757628337,9.145,3.815,1.254,14.214,17.2869837652257,0.071483335260882,0.0514019083429754,-29.9875,87.9,1.3751567558586
"Hemizonia congesta",82,2017,9,NA,48,"C",48,0.1875,0.6358,0.37525,0.18655,1.1976,24.1626436993638,0.0112431045997816,-28.01,64.0496757628337,9.145,3.815,1.254,14.214,17.2869837652257,0.071483335260882,0.0514019083429754,-29.9875,87.9,1.3751567558586
"Hemizonia congesta",95,2017,1,NA,48,"D",48,0.0208333333333333,0.6358,0.37525,0.18655,1.1976,24.1626436993638,0.0112431045997816,-28.01,64.0496757628337,9.145,3.815,1.254,14.214,17.2869837652257,0.071483335260882,0.0514019083429754,-29.9875,87.9,1.3751567558586
"Hemizonia congesta",59,2016,60,"",71,"W",71,0.845070422535211,0.6358,0.37525,0.18655,1.1976,24.1626436993638,0.0112431045997816,-28.01,64.0496757628337,9.145,3.815,1.254,14.214,17.2869837652257,0.071483335260882,0.0514019083429754,-29.9875,87.9,1.3751567558586
"Hemizonia congesta",23,2017,9,NA,48,"W",48,0.1875,0.6358,0.37525,0.18655,1.1976,24.1626436993638,0.0112431045997816,-28.01,64.0496757628337,9.145,3.815,1.254,14.214,17.2869837652257,0.071483335260882,0.0514019083429754,-29.9875,87.9,1.3751567558586
"Hemizonia congesta",15,2016,25,"",71,"W",71,0.352112676056338,0.6358,0.37525,0.18655,1.1976,24.1626436993638,0.0112431045997816,-28.01,64.0496757628337,9.145,3.815,1.254,14.214,17.2869837652257,0.071483335260882,0.0514019083429754,-29.9875,87.9,1.3751567558586
"Hemizonia congesta",92,2017,21,NA,48,"C",48,0.4375,0.6358,0.37525,0.18655,1.1976,24.1626436993638,0.0112431045997816,-28.01,64.0496757628337,9.145,3.815,1.254,14.214,17.2869837652257,0.071483335260882,0.0514019083429754,-29.9875,87.9,1.3751567558586
"Hemizonia congesta",56,2017,5,NA,48,"C",48,0.104166666666667,0.6358,0.37525,0.18655,1.1976,24.1626436993638,0.0112431045997816,-28.01,64.0496757628337,9.145,3.815,1.254,14.214,17.2869837652257,0.071483335260882,0.0514019083429754,-29.9875,87.9,1.3751567558586
"Hemizonia congesta",95,2016,64,"",71,"D",71,0.901408450704225,0.6358,0.37525,0.18655,1.1976,24.1626436993638,0.0112431045997816,-28.01,64.0496757628337,9.145,3.815,1.254,14.214,17.2869837652257,0.071483335260882,0.0514019083429754,-29.9875,87.9,1.3751567558586
"Hemizonia congesta",86,2017,5,NA,48,"C",48,0.104166666666667,0.6358,0.37525,0.18655,1.1976,24.1626436993638,0.0112431045997816,-28.01,64.0496757628337,9.145,3.815,1.254,14.214,17.2869837652257,0.071483335260882,0.0514019083429754,-29.9875,87.9,1.3751567558586
"Hemizonia congesta",50,2016,63,"",71,"C",71,0.887323943661972,0.6358,0.37525,0.18655,1.1976,24.1626436993638,0.0112431045997816,-28.01,64.0496757628337,9.145,3.815,1.254,14.214,17.2869837652257,0.071483335260882,0.0514019083429754,-29.9875,87.9,1.3751567558586
"Hemizonia congesta",89,2016,17,"",71,"D",71,0.23943661971831,0.6358,0.37525,0.18655,1.1976,24.1626436993638,0.0112431045997816,-28.01,64.0496757628337,9.145,3.815,1.254,14.214,17.2869837652257,0.071483335260882,0.0514019083429754,-29.9875,87.9,1.3751567558586
"Hemizonia congesta",99,2016,25,"",71,"D",71,0.352112676056338,0.6358,0.37525,0.18655,1.1976,24.1626436993638,0.0112431045997816,-28.01,64.0496757628337,9.145,3.815,1.254,14.214,17.2869837652257,0.071483335260882,0.0514019083429754,-29.9875,87.9,1.3751567558586
"Hemizonia congesta",83,2016,25,"",71,"D",71,0.352112676056338,0.6358,0.37525,0.18655,1.1976,24.1626436993638,0.0112431045997816,-28.01,64.0496757628337,9.145,3.815,1.254,14.214,17.2869837652257,0.071483335260882,0.0514019083429754,-29.9875,87.9,1.3751567558586
"Hemizonia congesta",98,2016,0,"",71,"C",71,0,0.6358,0.37525,0.18655,1.1976,24.1626436993638,0.0112431045997816,-28.01,64.0496757628337,9.145,3.815,1.254,14.214,17.2869837652257,0.071483335260882,0.0514019083429754,-29.9875,87.9,1.3751567558586
"Hemizonia congesta",55,2016,36,"",71,"W",71,0.507042253521127,0.6358,0.37525,0.18655,1.1976,24.1626436993638,0.0112431045997816,-28.01,64.0496757628337,9.145,3.815,1.254,14.214,17.2869837652257,0.071483335260882,0.0514019083429754,-29.9875,87.9,1.3751567558586
"Hemizonia congesta",84,2016,30,"",71,"C",71,0.422535211267606,0.6358,0.37525,0.18655,1.1976,24.1626436993638,0.0112431045997816,-28.01,64.0496757628337,9.145,3.815,1.254,14.214,17.2869837652257,0.071483335260882,0.0514019083429754,-29.9875,87.9,1.3751567558586
"Hemizonia congesta",92,2016,22,"",71,"C",71,0.309859154929577,0.6358,0.37525,0.18655,1.1976,24.1626436993638,0.0112431045997816,-28.01,64.0496757628337,9.145,3.815,1.254,14.214,17.2869837652257,0.071483335260882,0.0514019083429754,-29.9875,87.9,1.3751567558586
"Hemizonia congesta",98,2017,27,NA,48,"C",48,0.5625,0.6358,0.37525,0.18655,1.1976,24.1626436993638,0.0112431045997816,-28.01,64.0496757628337,9.145,3.815,1.254,14.214,17.2869837652257,0.071483335260882,0.0514019083429754,-29.9875,87.9,1.3751567558586
"Hemizonia congesta",96,2017,5,NA,48,"C",48,0.104166666666667,0.6358,0.37525,0.18655,1.1976,24.1626436993638,0.0112431045997816,-28.01,64.0496757628337,9.145,3.815,1.254,14.214,17.2869837652257,0.071483335260882,0.0514019083429754,-29.9875,87.9,1.3751567558586
"Hemizonia congesta",85,2017,16,NA,48,"D",48,0.333333333333333,0.6358,0.37525,0.18655,1.1976,24.1626436993638,0.0112431045997816,-28.01,64.0496757628337,9.145,3.815,1.254,14.214,17.2869837652257,0.071483335260882,0.0514019083429754,-29.9875,87.9,1.3751567558586
"Hemizonia congesta",91,2016,91,"",71,"D",91,1,0.6358,0.37525,0.18655,1.1976,24.1626436993638,0.0112431045997816,-28.01,64.0496757628337,9.145,3.815,1.254,14.214,17.2869837652257,0.071483335260882,0.0514019083429754,-29.9875,87.9,1.3751567558586
"Hemizonia congesta",87,2016,35,"",71,"D",71,0.492957746478873,0.6358,0.37525,0.18655,1.1976,24.1626436993638,0.0112431045997816,-28.01,64.0496757628337,9.145,3.815,1.254,14.214,17.2869837652257,0.071483335260882,0.0514019083429754,-29.9875,87.9,1.3751567558586
"Hemizonia congesta",49,2016,101,"",71,"W",101,1,0.6358,0.37525,0.18655,1.1976,24.1626436993638,0.0112431045997816,-28.01,64.0496757628337,9.145,3.815,1.254,14.214,17.2869837652257,0.071483335260882,0.0514019083429754,-29.9875,87.9,1.3751567558586
"Lasthenia californica",5,2016,3,"",54,"W",54,0.0555555555555556,0.0024,0.0044,0.0045,0.0113,17.6253148243509,0.0262850250244112,-31.678,240.139899610623,0.9115,0.6625,0.518,2.092,11.4507198034856,0.130706253875934,0.097798748029105,-32.29625,349.085767961945,-1.63466778080532
"Lasthenia californica",56,2016,20,"",54,"C",54,0.37037037037037,0.0024,0.0044,0.0045,0.0113,17.6253148243509,0.0262850250244112,-31.678,240.139899610623,0.9115,0.6625,0.518,2.092,11.4507198034856,0.130706253875934,0.097798748029105,-32.29625,349.085767961945,-1.63466778080532
"Lasthenia californica",84,2017,63,NA,100,"C",100,0.63,0.0024,0.0044,0.0045,0.0113,17.6253148243509,0.0262850250244112,-31.678,240.139899610623,0.9115,0.6625,0.518,2.092,11.4507198034856,0.130706253875934,0.097798748029105,-32.29625,349.085767961945,-1.63466778080532
"Lasthenia californica",29,2017,31,NA,100,"W",100,0.31,0.0024,0.0044,0.0045,0.0113,17.6253148243509,0.0262850250244112,-31.678,240.139899610623,0.9115,0.6625,0.518,2.092,11.4507198034856,0.130706253875934,0.097798748029105,-32.29625,349.085767961945,-1.63466778080532
"Lasthenia californica",83,2017,54,NA,100,"D",100,0.54,0.0024,0.0044,0.0045,0.0113,17.6253148243509,0.0262850250244112,-31.678,240.139899610623,0.9115,0.6625,0.518,2.092,11.4507198034856,0.130706253875934,0.097798748029105,-32.29625,349.085767961945,-1.63466778080532
"Lasthenia californica",86,2016,6,"",54,"C",54,0.111111111111111,0.0024,0.0044,0.0045,0.0113,17.6253148243509,0.0262850250244112,-31.678,240.139899610623,0.9115,0.6625,0.518,2.092,11.4507198034856,0.130706253875934,0.097798748029105,-32.29625,349.085767961945,-1.63466778080532
"Lasthenia californica",15,2016,15,"",54,"W",54,0.277777777777778,0.0024,0.0044,0.0045,0.0113,17.6253148243509,0.0262850250244112,-31.678,240.139899610623,0.9115,0.6625,0.518,2.092,11.4507198034856,0.130706253875934,0.097798748029105,-32.29625,349.085767961945,-1.63466778080532
"Lasthenia californica",19,2017,18,NA,100,"W",100,0.18,0.0024,0.0044,0.0045,0.0113,17.6253148243509,0.0262850250244112,-31.678,240.139899610623,0.9115,0.6625,0.518,2.092,11.4507198034856,0.130706253875934,0.097798748029105,-32.29625,349.085767961945,-1.63466778080532
"Lasthenia californica",55,2016,13,"",54,"W",54,0.240740740740741,0.0024,0.0044,0.0045,0.0113,17.6253148243509,0.0262850250244112,-31.678,240.139899610623,0.9115,0.6625,0.518,2.092,11.4507198034856,0.130706253875934,0.097798748029105,-32.29625,349.085767961945,-1.63466778080532
"Lasthenia californica",30,2016,44,"",54,"C",54,0.814814814814815,0.0024,0.0044,0.0045,0.0113,17.6253148243509,0.0262850250244112,-31.678,240.139899610623,0.9115,0.6625,0.518,2.092,11.4507198034856,0.130706253875934,0.097798748029105,-32.29625,349.085767961945,-1.63466778080532
"Lasthenia californica",23,2016,35,"",54,"W",54,0.648148148148148,0.0024,0.0044,0.0045,0.0113,17.6253148243509,0.0262850250244112,-31.678,240.139899610623,0.9115,0.6625,0.518,2.092,11.4507198034856,0.130706253875934,0.097798748029105,-32.29625,349.085767961945,-1.63466778080532
"Lasthenia californica",95,2017,7,NA,100,"D",100,0.07,0.0024,0.0044,0.0045,0.0113,17.6253148243509,0.0262850250244112,-31.678,240.139899610623,0.9115,0.6625,0.518,2.092,11.4507198034856,0.130706253875934,0.097798748029105,-32.29625,349.085767961945,-1.63466778080532
"Lasthenia californica",18,2017,52,NA,100,"C",100,0.52,0.0024,0.0044,0.0045,0.0113,17.6253148243509,0.0262850250244112,-31.678,240.139899610623,0.9115,0.6625,0.518,2.092,11.4507198034856,0.130706253875934,0.097798748029105,-32.29625,349.085767961945,-1.63466778080532
"Lasthenia californica",17,2017,21,NA,100,"W",100,0.21,0.0024,0.0044,0.0045,0.0113,17.6253148243509,0.0262850250244112,-31.678,240.139899610623,0.9115,0.6625,0.518,2.092,11.4507198034856,0.130706253875934,0.097798748029105,-32.29625,349.085767961945,-1.63466778080532
"Lasthenia californica",93,2016,23,"",54,"D",54,0.425925925925926,0.0024,0.0044,0.0045,0.0113,17.6253148243509,0.0262850250244112,-31.678,240.139899610623,0.9115,0.6625,0.518,2.092,11.4507198034856,0.130706253875934,0.097798748029105,-32.29625,349.085767961945,-1.63466778080532
"Lasthenia californica",82,2016,20,"",54,"C",54,0.37037037037037,0.0024,0.0044,0.0045,0.0113,17.6253148243509,0.0262850250244112,-31.678,240.139899610623,0.9115,0.6625,0.518,2.092,11.4507198034856,0.130706253875934,0.097798748029105,-32.29625,349.085767961945,-1.63466778080532
"Lasthenia californica",93,2017,61,NA,100,"D",100,0.61,0.0024,0.0044,0.0045,0.0113,17.6253148243509,0.0262850250244112,-31.678,240.139899610623,0.9115,0.6625,0.518,2.092,11.4507198034856,0.130706253875934,0.097798748029105,-32.29625,349.085767961945,-1.63466778080532
"Lasthenia californica",92,2016,53,"",54,"C",54,0.981481481481482,0.0024,0.0044,0.0045,0.0113,17.6253148243509,0.0262850250244112,-31.678,240.139899610623,0.9115,0.6625,0.518,2.092,11.4507198034856,0.130706253875934,0.097798748029105,-32.29625,349.085767961945,-1.63466778080532
"Lasthenia californica",85,2017,44,NA,100,"D",100,0.44,0.0024,0.0044,0.0045,0.0113,17.6253148243509,0.0262850250244112,-31.678,240.139899610623,0.9115,0.6625,0.518,2.092,11.4507198034856,0.130706253875934,0.097798748029105,-32.29625,349.085767961945,-1.63466778080532
"Lasthenia californica",29,2016,36,"",54,"W",54,0.666666666666667,0.0024,0.0044,0.0045,0.0113,17.6253148243509,0.0262850250244112,-31.678,240.139899610623,0.9115,0.6625,0.518,2.092,11.4507198034856,0.130706253875934,0.097798748029105,-32.29625,349.085767961945,-1.63466778080532
"Lasthenia californica",15,2017,61,NA,100,"W",100,0.61,0.0024,0.0044,0.0045,0.0113,17.6253148243509,0.0262850250244112,-31.678,240.139899610623,0.9115,0.6625,0.518,2.092,11.4507198034856,0.130706253875934,0.097798748029105,-32.29625,349.085767961945,-1.63466778080532
"Lasthenia californica",23,2017,29,NA,100,"W",100,0.29,0.0024,0.0044,0.0045,0.0113,17.6253148243509,0.0262850250244112,-31.678,240.139899610623,0.9115,0.6625,0.518,2.092,11.4507198034856,0.130706253875934,0.097798748029105,-32.29625,349.085767961945,-1.63466778080532
"Lasthenia californica",30,2017,38,NA,100,"C",100,0.38,0.0024,0.0044,0.0045,0.0113,17.6253148243509,0.0262850250244112,-31.678,240.139899610623,0.9115,0.6625,0.518,2.092,11.4507198034856,0.130706253875934,0.097798748029105,-32.29625,349.085767961945,-1.63466778080532
"Lasthenia californica",55,2017,48,NA,100,"W",100,0.48,0.0024,0.0044,0.0045,0.0113,17.6253148243509,0.0262850250244112,-31.678,240.139899610623,0.9115,0.6625,0.518,2.092,11.4507198034856,0.130706253875934,0.097798748029105,-32.29625,349.085767961945,-1.63466778080532
"Lasthenia californica",91,2017,46,NA,100,"D",100,0.46,0.0024,0.0044,0.0045,0.0113,17.6253148243509,0.0262850250244112,-31.678,240.139899610623,0.9115,0.6625,0.518,2.092,11.4507198034856,0.130706253875934,0.097798748029105,-32.29625,349.085767961945,-1.63466778080532
"Lasthenia californica",87,2017,77,NA,100,"D",100,0.77,0.0024,0.0044,0.0045,0.0113,17.6253148243509,0.0262850250244112,-31.678,240.139899610623,0.9115,0.6625,0.518,2.092,11.4507198034856,0.130706253875934,0.097798748029105,-32.29625,349.085767961945,-1.63466778080532
"Lasthenia californica",89,2016,18,"",54,"D",54,0.333333333333333,0.0024,0.0044,0.0045,0.0113,17.6253148243509,0.0262850250244112,-31.678,240.139899610623,0.9115,0.6625,0.518,2.092,11.4507198034856,0.130706253875934,0.097798748029105,-32.29625,349.085767961945,-1.63466778080532
"Lasthenia californica",95,2016,40,"",54,"D",54,0.740740740740741,0.0024,0.0044,0.0045,0.0113,17.6253148243509,0.0262850250244112,-31.678,240.139899610623,0.9115,0.6625,0.518,2.092,11.4507198034856,0.130706253875934,0.097798748029105,-32.29625,349.085767961945,-1.63466778080532
"Lasthenia californica",99,2016,17,"",54,"D",54,0.314814814814815,0.0024,0.0044,0.0045,0.0113,17.6253148243509,0.0262850250244112,-31.678,240.139899610623,0.9115,0.6625,0.518,2.092,11.4507198034856,0.130706253875934,0.097798748029105,-32.29625,349.085767961945,-1.63466778080532
"Lasthenia californica",96,2016,50,"",54,"C",54,0.925925925925926,0.0024,0.0044,0.0045,0.0113,17.6253148243509,0.0262850250244112,-31.678,240.139899610623,0.9115,0.6625,0.518,2.092,11.4507198034856,0.130706253875934,0.097798748029105,-32.29625,349.085767961945,-1.63466778080532
"Lasthenia californica",59,2016,45,"",54,"W",54,0.833333333333333,0.0024,0.0044,0.0045,0.0113,17.6253148243509,0.0262850250244112,-31.678,240.139899610623,0.9115,0.6625,0.518,2.092,11.4507198034856,0.130706253875934,0.097798748029105,-32.29625,349.085767961945,-1.63466778080532
"Lasthenia californica",97,2017,35,NA,100,"D",100,0.35,0.0024,0.0044,0.0045,0.0113,17.6253148243509,0.0262850250244112,-31.678,240.139899610623,0.9115,0.6625,0.518,2.092,11.4507198034856,0.130706253875934,0.097798748029105,-32.29625,349.085767961945,-1.63466778080532
"Lasthenia californica",37,2016,45,"",54,"W",54,0.833333333333333,0.0024,0.0044,0.0045,0.0113,17.6253148243509,0.0262850250244112,-31.678,240.139899610623,0.9115,0.6625,0.518,2.092,11.4507198034856,0.130706253875934,0.097798748029105,-32.29625,349.085767961945,-1.63466778080532
"Lasthenia californica",5,2017,16,NA,100,"W",100,0.16,0.0024,0.0044,0.0045,0.0113,17.6253148243509,0.0262850250244112,-31.678,240.139899610623,0.9115,0.6625,0.518,2.092,11.4507198034856,0.130706253875934,0.097798748029105,-32.29625,349.085767961945,-1.63466778080532
"Lasthenia californica",19,2016,21,"",54,"W",54,0.388888888888889,0.0024,0.0044,0.0045,0.0113,17.6253148243509,0.0262850250244112,-31.678,240.139899610623,0.9115,0.6625,0.518,2.092,11.4507198034856,0.130706253875934,0.097798748029105,-32.29625,349.085767961945,-1.63466778080532
"Lasthenia californica",49,2016,24,"",54,"W",54,0.444444444444444,0.0024,0.0044,0.0045,0.0113,17.6253148243509,0.0262850250244112,-31.678,240.139899610623,0.9115,0.6625,0.518,2.092,11.4507198034856,0.130706253875934,0.097798748029105,-32.29625,349.085767961945,-1.63466778080532
"Lasthenia californica",49,2017,20,NA,100,"W",100,0.2,0.0024,0.0044,0.0045,0.0113,17.6253148243509,0.0262850250244112,-31.678,240.139899610623,0.9115,0.6625,0.518,2.092,11.4507198034856,0.130706253875934,0.097798748029105,-32.29625,349.085767961945,-1.63466778080532
"Lasthenia californica",83,2016,19,"",54,"D",54,0.351851851851852,0.0024,0.0044,0.0045,0.0113,17.6253148243509,0.0262850250244112,-31.678,240.139899610623,0.9115,0.6625,0.518,2.092,11.4507198034856,0.130706253875934,0.097798748029105,-32.29625,349.085767961945,-1.63466778080532
"Lasthenia californica",89,2017,31,NA,100,"D",100,0.31,0.0024,0.0044,0.0045,0.0113,17.6253148243509,0.0262850250244112,-31.678,240.139899610623,0.9115,0.6625,0.518,2.092,11.4507198034856,0.130706253875934,0.097798748029105,-32.29625,349.085767961945,-1.63466778080532
"Lasthenia californica",82,2017,30,NA,100,"C",100,0.3,0.0024,0.0044,0.0045,0.0113,17.6253148243509,0.0262850250244112,-31.678,240.139899610623,0.9115,0.6625,0.518,2.092,11.4507198034856,0.130706253875934,0.097798748029105,-32.29625,349.085767961945,-1.63466778080532
"Lasthenia californica",81,2016,40,"",54,"D",54,0.740740740740741,0.0024,0.0044,0.0045,0.0113,17.6253148243509,0.0262850250244112,-31.678,240.139899610623,0.9115,0.6625,0.518,2.092,11.4507198034856,0.130706253875934,0.097798748029105,-32.29625,349.085767961945,-1.63466778080532
"Lasthenia californica",97,2016,47,"",54,"D",54,0.87037037037037,0.0024,0.0044,0.0045,0.0113,17.6253148243509,0.0262850250244112,-31.678,240.139899610623,0.9115,0.6625,0.518,2.092,11.4507198034856,0.130706253875934,0.097798748029105,-32.29625,349.085767961945,-1.63466778080532
"Lasthenia californica",37,2017,25,NA,100,"W",100,0.25,0.0024,0.0044,0.0045,0.0113,17.6253148243509,0.0262850250244112,-31.678,240.139899610623,0.9115,0.6625,0.518,2.092,11.4507198034856,0.130706253875934,0.097798748029105,-32.29625,349.085767961945,-1.63466778080532
"Lasthenia californica",84,2016,34,"",54,"C",54,0.62962962962963,0.0024,0.0044,0.0045,0.0113,17.6253148243509,0.0262850250244112,-31.678,240.139899610623,0.9115,0.6625,0.518,2.092,11.4507198034856,0.130706253875934,0.097798748029105,-32.29625,349.085767961945,-1.63466778080532
"Lasthenia californica",85,2016,12,"",54,"D",54,0.222222222222222,0.0024,0.0044,0.0045,0.0113,17.6253148243509,0.0262850250244112,-31.678,240.139899610623,0.9115,0.6625,0.518,2.092,11.4507198034856,0.130706253875934,0.097798748029105,-32.29625,349.085767961945,-1.63466778080532
"Lasthenia californica",81,2017,43,NA,100,"D",100,0.43,0.0024,0.0044,0.0045,0.0113,17.6253148243509,0.0262850250244112,-31.678,240.139899610623,0.9115,0.6625,0.518,2.092,11.4507198034856,0.130706253875934,0.097798748029105,-32.29625,349.085767961945,-1.63466778080532
"Lasthenia californica",50,2016,43,"",54,"C",54,0.796296296296296,0.0024,0.0044,0.0045,0.0113,17.6253148243509,0.0262850250244112,-31.678,240.139899610623,0.9115,0.6625,0.518,2.092,11.4507198034856,0.130706253875934,0.097798748029105,-32.29625,349.085767961945,-1.63466778080532
"Lasthenia californica",92,2017,42,NA,100,"C",100,0.42,0.0024,0.0044,0.0045,0.0113,17.6253148243509,0.0262850250244112,-31.678,240.139899610623,0.9115,0.6625,0.518,2.092,11.4507198034856,0.130706253875934,0.097798748029105,-32.29625,349.085767961945,-1.63466778080532
"Lasthenia californica",17,2016,17,"",54,"W",54,0.314814814814815,0.0024,0.0044,0.0045,0.0113,17.6253148243509,0.0262850250244112,-31.678,240.139899610623,0.9115,0.6625,0.518,2.092,11.4507198034856,0.130706253875934,0.097798748029105,-32.29625,349.085767961945,-1.63466778080532
"Lasthenia californica",50,2017,43,NA,100,"C",100,0.43,0.0024,0.0044,0.0045,0.0113,17.6253148243509,0.0262850250244112,-31.678,240.139899610623,0.9115,0.6625,0.518,2.092,11.4507198034856,0.130706253875934,0.097798748029105,-32.29625,349.085767961945,-1.63466778080532
"Lasthenia californica",99,2017,47,NA,100,"D",100,0.47,0.0024,0.0044,0.0045,0.0113,17.6253148243509,0.0262850250244112,-31.678,240.139899610623,0.9115,0.6625,0.518,2.092,11.4507198034856,0.130706253875934,0.097798748029105,-32.29625,349.085767961945,-1.63466778080532
"Lasthenia californica",98,2017,7,NA,100,"C",100,0.07,0.0024,0.0044,0.0045,0.0113,17.6253148243509,0.0262850250244112,-31.678,240.139899610623,0.9115,0.6625,0.518,2.092,11.4507198034856,0.130706253875934,0.097798748029105,-32.29625,349.085767961945,-1.63466778080532
"Lasthenia californica",56,2017,40,NA,100,"C",100,0.4,0.0024,0.0044,0.0045,0.0113,17.6253148243509,0.0262850250244112,-31.678,240.139899610623,0.9115,0.6625,0.518,2.092,11.4507198034856,0.130706253875934,0.097798748029105,-32.29625,349.085767961945,-1.63466778080532
"Lasthenia californica",91,2016,46,"",54,"D",54,0.851851851851852,0.0024,0.0044,0.0045,0.0113,17.6253148243509,0.0262850250244112,-31.678,240.139899610623,0.9115,0.6625,0.518,2.092,11.4507198034856,0.130706253875934,0.097798748029105,-32.29625,349.085767961945,-1.63466778080532
"Lasthenia californica",87,2016,22,"",54,"D",54,0.407407407407407,0.0024,0.0044,0.0045,0.0113,17.6253148243509,0.0262850250244112,-31.678,240.139899610623,0.9115,0.6625,0.518,2.092,11.4507198034856,0.130706253875934,0.097798748029105,-32.29625,349.085767961945,-1.63466778080532
"Lasthenia californica",98,2016,36,"",54,"C",54,0.666666666666667,0.0024,0.0044,0.0045,0.0113,17.6253148243509,0.0262850250244112,-31.678,240.139899610623,0.9115,0.6625,0.518,2.092,11.4507198034856,0.130706253875934,0.097798748029105,-32.29625,349.085767961945,-1.63466778080532
"Lasthenia californica",86,2017,28,NA,100,"C",100,0.28,0.0024,0.0044,0.0045,0.0113,17.6253148243509,0.0262850250244112,-31.678,240.139899610623,0.9115,0.6625,0.518,2.092,11.4507198034856,0.130706253875934,0.097798748029105,-32.29625,349.085767961945,-1.63466778080532
"Lasthenia californica",18,2016,26,"",54,"C",54,0.481481481481481,0.0024,0.0044,0.0045,0.0113,17.6253148243509,0.0262850250244112,-31.678,240.139899610623,0.9115,0.6625,0.518,2.092,11.4507198034856,0.130706253875934,0.097798748029105,-32.29625,349.085767961945,-1.63466778080532
"Lasthenia californica",96,2017,43,NA,100,"C",100,0.43,0.0024,0.0044,0.0045,0.0113,17.6253148243509,0.0262850250244112,-31.678,240.139899610623,0.9115,0.6625,0.518,2.092,11.4507198034856,0.130706253875934,0.097798748029105,-32.29625,349.085767961945,-1.63466778080532
"Lasthenia californica",59,2017,58,NA,100,"W",100,0.58,0.0024,0.0044,0.0045,0.0113,17.6253148243509,0.0262850250244112,-31.678,240.139899610623,0.9115,0.6625,0.518,2.092,11.4507198034856,0.130706253875934,0.097798748029105,-32.29625,349.085767961945,-1.63466778080532
"Plantago erecta",5,2016,66,"",84,"W",84,0.785714285714286,0.00245,0.01125,0.00465,0.01835,25.3186776247086,0.0240786040895487,-30.736,130.662559618025,0.9525,1.1005,3.0495,5.1025,14.5394233402544,0.075090169158551,0.0661523292600653,-31.54375,177.139304329194,-1.01453268637674
"Plantago erecta",82,2017,64,NA,99,"C",99,0.646464646464647,0.00245,0.01125,0.00465,0.01835,25.3186776247086,0.0240786040895487,-30.736,130.662559618025,0.9525,1.1005,3.0495,5.1025,14.5394233402544,0.075090169158551,0.0661523292600653,-31.54375,177.139304329194,-1.01453268637674
"Plantago erecta",50,2017,69,NA,99,"C",99,0.696969696969697,0.00245,0.01125,0.00465,0.01835,25.3186776247086,0.0240786040895487,-30.736,130.662559618025,0.9525,1.1005,3.0495,5.1025,14.5394233402544,0.075090169158551,0.0661523292600653,-31.54375,177.139304329194,-1.01453268637674
"Plantago erecta",85,2017,70,NA,99,"D",99,0.707070707070707,0.00245,0.01125,0.00465,0.01835,25.3186776247086,0.0240786040895487,-30.736,130.662559618025,0.9525,1.1005,3.0495,5.1025,14.5394233402544,0.075090169158551,0.0661523292600653,-31.54375,177.139304329194,-1.01453268637674
"Plantago erecta",19,2016,88,"",84,"W",88,1,0.00245,0.01125,0.00465,0.01835,25.3186776247086,0.0240786040895487,-30.736,130.662559618025,0.9525,1.1005,3.0495,5.1025,14.5394233402544,0.075090169158551,0.0661523292600653,-31.54375,177.139304329194,-1.01453268637674
"Plantago erecta",49,2017,74,NA,99,"W",99,0.747474747474748,0.00245,0.01125,0.00465,0.01835,25.3186776247086,0.0240786040895487,-30.736,130.662559618025,0.9525,1.1005,3.0495,5.1025,14.5394233402544,0.075090169158551,0.0661523292600653,-31.54375,177.139304329194,-1.01453268637674
"Plantago erecta",5,2017,42,NA,99,"W",99,0.424242424242424,0.00245,0.01125,0.00465,0.01835,25.3186776247086,0.0240786040895487,-30.736,130.662559618025,0.9525,1.1005,3.0495,5.1025,14.5394233402544,0.075090169158551,0.0661523292600653,-31.54375,177.139304329194,-1.01453268637674
"Plantago erecta",86,2017,70,NA,99,"C",99,0.707070707070707,0.00245,0.01125,0.00465,0.01835,25.3186776247086,0.0240786040895487,-30.736,130.662559618025,0.9525,1.1005,3.0495,5.1025,14.5394233402544,0.075090169158551,0.0661523292600653,-31.54375,177.139304329194,-1.01453268637674
"Plantago erecta",37,2017,78,NA,99,"W",99,0.787878787878788,0.00245,0.01125,0.00465,0.01835,25.3186776247086,0.0240786040895487,-30.736,130.662559618025,0.9525,1.1005,3.0495,5.1025,14.5394233402544,0.075090169158551,0.0661523292600653,-31.54375,177.139304329194,-1.01453268637674
"Plantago erecta",17,2017,66,NA,99,"W",99,0.666666666666667,0.00245,0.01125,0.00465,0.01835,25.3186776247086,0.0240786040895487,-30.736,130.662559618025,0.9525,1.1005,3.0495,5.1025,14.5394233402544,0.075090169158551,0.0661523292600653,-31.54375,177.139304329194,-1.01453268637674
"Plantago erecta",19,2017,78,NA,99,"W",99,0.787878787878788,0.00245,0.01125,0.00465,0.01835,25.3186776247086,0.0240786040895487,-30.736,130.662559618025,0.9525,1.1005,3.0495,5.1025,14.5394233402544,0.075090169158551,0.0661523292600653,-31.54375,177.139304329194,-1.01453268637674
"Plantago erecta",15,2017,77,NA,99,"W",99,0.777777777777778,0.00245,0.01125,0.00465,0.01835,25.3186776247086,0.0240786040895487,-30.736,130.662559618025,0.9525,1.1005,3.0495,5.1025,14.5394233402544,0.075090169158551,0.0661523292600653,-31.54375,177.139304329194,-1.01453268637674
"Plantago erecta",23,2016,72,"",84,"W",84,0.857142857142857,0.00245,0.01125,0.00465,0.01835,25.3186776247086,0.0240786040895487,-30.736,130.662559618025,0.9525,1.1005,3.0495,5.1025,14.5394233402544,0.075090169158551,0.0661523292600653,-31.54375,177.139304329194,-1.01453268637674
"Plantago erecta",56,2017,65,NA,99,"C",99,0.656565656565657,0.00245,0.01125,0.00465,0.01835,25.3186776247086,0.0240786040895487,-30.736,130.662559618025,0.9525,1.1005,3.0495,5.1025,14.5394233402544,0.075090169158551,0.0661523292600653,-31.54375,177.139304329194,-1.01453268637674
"Plantago erecta",37,2016,77,"",84,"W",84,0.916666666666667,0.00245,0.01125,0.00465,0.01835,25.3186776247086,0.0240786040895487,-30.736,130.662559618025,0.9525,1.1005,3.0495,5.1025,14.5394233402544,0.075090169158551,0.0661523292600653,-31.54375,177.139304329194,-1.01453268637674
"Plantago erecta",97,2017,87,NA,99,"D",99,0.878787878787879,0.00245,0.01125,0.00465,0.01835,25.3186776247086,0.0240786040895487,-30.736,130.662559618025,0.9525,1.1005,3.0495,5.1025,14.5394233402544,0.075090169158551,0.0661523292600653,-31.54375,177.139304329194,-1.01453268637674
"Plantago erecta",23,2017,80,NA,99,"W",99,0.808080808080808,0.00245,0.01125,0.00465,0.01835,25.3186776247086,0.0240786040895487,-30.736,130.662559618025,0.9525,1.1005,3.0495,5.1025,14.5394233402544,0.075090169158551,0.0661523292600653,-31.54375,177.139304329194,-1.01453268637674
"Plantago erecta",15,2016,99,"",84,"W",99,1,0.00245,0.01125,0.00465,0.01835,25.3186776247086,0.0240786040895487,-30.736,130.662559618025,0.9525,1.1005,3.0495,5.1025,14.5394233402544,0.075090169158551,0.0661523292600653,-31.54375,177.139304329194,-1.01453268637674
"Plantago erecta",89,2016,85,"",84,"D",85,1,0.00245,0.01125,0.00465,0.01835,25.3186776247086,0.0240786040895487,-30.736,130.662559618025,0.9525,1.1005,3.0495,5.1025,14.5394233402544,0.075090169158551,0.0661523292600653,-31.54375,177.139304329194,-1.01453268637674
"Plantago erecta",59,2016,65,"",84,"W",84,0.773809523809524,0.00245,0.01125,0.00465,0.01835,25.3186776247086,0.0240786040895487,-30.736,130.662559618025,0.9525,1.1005,3.0495,5.1025,14.5394233402544,0.075090169158551,0.0661523292600653,-31.54375,177.139304329194,-1.01453268637674
"Plantago erecta",87,2017,68,NA,99,"D",99,0.686868686868687,0.00245,0.01125,0.00465,0.01835,25.3186776247086,0.0240786040895487,-30.736,130.662559618025,0.9525,1.1005,3.0495,5.1025,14.5394233402544,0.075090169158551,0.0661523292600653,-31.54375,177.139304329194,-1.01453268637674
"Plantago erecta",89,2017,81,NA,99,"D",99,0.818181818181818,0.00245,0.01125,0.00465,0.01835,25.3186776247086,0.0240786040895487,-30.736,130.662559618025,0.9525,1.1005,3.0495,5.1025,14.5394233402544,0.075090169158551,0.0661523292600653,-31.54375,177.139304329194,-1.01453268637674
"Plantago erecta",56,2016,95,"",84,"C",95,1,0.00245,0.01125,0.00465,0.01835,25.3186776247086,0.0240786040895487,-30.736,130.662559618025,0.9525,1.1005,3.0495,5.1025,14.5394233402544,0.075090169158551,0.0661523292600653,-31.54375,177.139304329194,-1.01453268637674
"Plantago erecta",49,2016,79,"",84,"W",84,0.94047619047619,0.00245,0.01125,0.00465,0.01835,25.3186776247086,0.0240786040895487,-30.736,130.662559618025,0.9525,1.1005,3.0495,5.1025,14.5394233402544,0.075090169158551,0.0661523292600653,-31.54375,177.139304329194,-1.01453268637674
"Plantago erecta",81,2017,58,NA,99,"D",99,0.585858585858586,0.00245,0.01125,0.00465,0.01835,25.3186776247086,0.0240786040895487,-30.736,130.662559618025,0.9525,1.1005,3.0495,5.1025,14.5394233402544,0.075090169158551,0.0661523292600653,-31.54375,177.139304329194,-1.01453268637674
"Plantago erecta",55,2016,67,"",84,"W",84,0.797619047619048,0.00245,0.01125,0.00465,0.01835,25.3186776247086,0.0240786040895487,-30.736,130.662559618025,0.9525,1.1005,3.0495,5.1025,14.5394233402544,0.075090169158551,0.0661523292600653,-31.54375,177.139304329194,-1.01453268637674
"Plantago erecta",30,2017,75,NA,99,"C",99,0.757575757575758,0.00245,0.01125,0.00465,0.01835,25.3186776247086,0.0240786040895487,-30.736,130.662559618025,0.9525,1.1005,3.0495,5.1025,14.5394233402544,0.075090169158551,0.0661523292600653,-31.54375,177.139304329194,-1.01453268637674
"Plantago erecta",29,2016,67,"",84,"W",84,0.797619047619048,0.00245,0.01125,0.00465,0.01835,25.3186776247086,0.0240786040895487,-30.736,130.662559618025,0.9525,1.1005,3.0495,5.1025,14.5394233402544,0.075090169158551,0.0661523292600653,-31.54375,177.139304329194,-1.01453268637674
"Plantago erecta",50,2016,80,"",84,"C",84,0.952380952380952,0.00245,0.01125,0.00465,0.01835,25.3186776247086,0.0240786040895487,-30.736,130.662559618025,0.9525,1.1005,3.0495,5.1025,14.5394233402544,0.075090169158551,0.0661523292600653,-31.54375,177.139304329194,-1.01453268637674
"Plantago erecta",17,2016,102,"",84,"W",102,1,0.00245,0.01125,0.00465,0.01835,25.3186776247086,0.0240786040895487,-30.736,130.662559618025,0.9525,1.1005,3.0495,5.1025,14.5394233402544,0.075090169158551,0.0661523292600653,-31.54375,177.139304329194,-1.01453268637674
"Plantago erecta",29,2017,74,NA,99,"W",99,0.747474747474748,0.00245,0.01125,0.00465,0.01835,25.3186776247086,0.0240786040895487,-30.736,130.662559618025,0.9525,1.1005,3.0495,5.1025,14.5394233402544,0.075090169158551,0.0661523292600653,-31.54375,177.139304329194,-1.01453268637674
"Plantago erecta",55,2017,71,NA,99,"W",99,0.717171717171717,0.00245,0.01125,0.00465,0.01835,25.3186776247086,0.0240786040895487,-30.736,130.662559618025,0.9525,1.1005,3.0495,5.1025,14.5394233402544,0.075090169158551,0.0661523292600653,-31.54375,177.139304329194,-1.01453268637674
"Plantago erecta",97,2016,86,"",84,"D",86,1,0.00245,0.01125,0.00465,0.01835,25.3186776247086,0.0240786040895487,-30.736,130.662559618025,0.9525,1.1005,3.0495,5.1025,14.5394233402544,0.075090169158551,0.0661523292600653,-31.54375,177.139304329194,-1.01453268637674
"Plantago erecta",96,2016,74,"",84,"C",84,0.880952380952381,0.00245,0.01125,0.00465,0.01835,25.3186776247086,0.0240786040895487,-30.736,130.662559618025,0.9525,1.1005,3.0495,5.1025,14.5394233402544,0.075090169158551,0.0661523292600653,-31.54375,177.139304329194,-1.01453268637674
"Plantago erecta",93,2016,66,"",84,"D",84,0.785714285714286,0.00245,0.01125,0.00465,0.01835,25.3186776247086,0.0240786040895487,-30.736,130.662559618025,0.9525,1.1005,3.0495,5.1025,14.5394233402544,0.075090169158551,0.0661523292600653,-31.54375,177.139304329194,-1.01453268637674
"Plantago erecta",93,2017,74,NA,99,"D",99,0.747474747474748,0.00245,0.01125,0.00465,0.01835,25.3186776247086,0.0240786040895487,-30.736,130.662559618025,0.9525,1.1005,3.0495,5.1025,14.5394233402544,0.075090169158551,0.0661523292600653,-31.54375,177.139304329194,-1.01453268637674
"Plantago erecta",18,2017,23,NA,99,"C",99,0.232323232323232,0.00245,0.01125,0.00465,0.01835,25.3186776247086,0.0240786040895487,-30.736,130.662559618025,0.9525,1.1005,3.0495,5.1025,14.5394233402544,0.075090169158551,0.0661523292600653,-31.54375,177.139304329194,-1.01453268637674
"Plantago erecta",82,2016,73,"",84,"C",84,0.869047619047619,0.00245,0.01125,0.00465,0.01835,25.3186776247086,0.0240786040895487,-30.736,130.662559618025,0.9525,1.1005,3.0495,5.1025,14.5394233402544,0.075090169158551,0.0661523292600653,-31.54375,177.139304329194,-1.01453268637674
"Plantago erecta",83,2016,68,"",84,"D",84,0.80952380952381,0.00245,0.01125,0.00465,0.01835,25.3186776247086,0.0240786040895487,-30.736,130.662559618025,0.9525,1.1005,3.0495,5.1025,14.5394233402544,0.075090169158551,0.0661523292600653,-31.54375,177.139304329194,-1.01453268637674
"Plantago erecta",86,2016,83,"",84,"C",84,0.988095238095238,0.00245,0.01125,0.00465,0.01835,25.3186776247086,0.0240786040895487,-30.736,130.662559618025,0.9525,1.1005,3.0495,5.1025,14.5394233402544,0.075090169158551,0.0661523292600653,-31.54375,177.139304329194,-1.01453268637674
"Plantago erecta",18,2016,94,"",84,"C",94,1,0.00245,0.01125,0.00465,0.01835,25.3186776247086,0.0240786040895487,-30.736,130.662559618025,0.9525,1.1005,3.0495,5.1025,14.5394233402544,0.075090169158551,0.0661523292600653,-31.54375,177.139304329194,-1.01453268637674
"Plantago erecta",81,2016,91,"",84,"D",91,1,0.00245,0.01125,0.00465,0.01835,25.3186776247086,0.0240786040895487,-30.736,130.662559618025,0.9525,1.1005,3.0495,5.1025,14.5394233402544,0.075090169158551,0.0661523292600653,-31.54375,177.139304329194,-1.01453268637674
"Plantago erecta",84,2017,76,NA,99,"C",99,0.767676767676768,0.00245,0.01125,0.00465,0.01835,25.3186776247086,0.0240786040895487,-30.736,130.662559618025,0.9525,1.1005,3.0495,5.1025,14.5394233402544,0.075090169158551,0.0661523292600653,-31.54375,177.139304329194,-1.01453268637674
"Plantago erecta",92,2016,85,"",84,"C",85,1,0.00245,0.01125,0.00465,0.01835,25.3186776247086,0.0240786040895487,-30.736,130.662559618025,0.9525,1.1005,3.0495,5.1025,14.5394233402544,0.075090169158551,0.0661523292600653,-31.54375,177.139304329194,-1.01453268637674
"Plantago erecta",98,2017,71,NA,99,"C",99,0.717171717171717,0.00245,0.01125,0.00465,0.01835,25.3186776247086,0.0240786040895487,-30.736,130.662559618025,0.9525,1.1005,3.0495,5.1025,14.5394233402544,0.075090169158551,0.0661523292600653,-31.54375,177.139304329194,-1.01453268637674
"Plantago erecta",95,2016,72,"",84,"D",84,0.857142857142857,0.00245,0.01125,0.00465,0.01835,25.3186776247086,0.0240786040895487,-30.736,130.662559618025,0.9525,1.1005,3.0495,5.1025,14.5394233402544,0.075090169158551,0.0661523292600653,-31.54375,177.139304329194,-1.01453268637674
"Plantago erecta",83,2017,64,NA,99,"D",99,0.646464646464647,0.00245,0.01125,0.00465,0.01835,25.3186776247086,0.0240786040895487,-30.736,130.662559618025,0.9525,1.1005,3.0495,5.1025,14.5394233402544,0.075090169158551,0.0661523292600653,-31.54375,177.139304329194,-1.01453268637674
"Plantago erecta",87,2016,79,"",84,"D",84,0.94047619047619,0.00245,0.01125,0.00465,0.01835,25.3186776247086,0.0240786040895487,-30.736,130.662559618025,0.9525,1.1005,3.0495,5.1025,14.5394233402544,0.075090169158551,0.0661523292600653,-31.54375,177.139304329194,-1.01453268637674
"Plantago erecta",95,2017,73,NA,99,"D",99,0.737373737373737,0.00245,0.01125,0.00465,0.01835,25.3186776247086,0.0240786040895487,-30.736,130.662559618025,0.9525,1.1005,3.0495,5.1025,14.5394233402544,0.075090169158551,0.0661523292600653,-31.54375,177.139304329194,-1.01453268637674
"Plantago erecta",96,2017,91,NA,99,"C",99,0.919191919191919,0.00245,0.01125,0.00465,0.01835,25.3186776247086,0.0240786040895487,-30.736,130.662559618025,0.9525,1.1005,3.0495,5.1025,14.5394233402544,0.075090169158551,0.0661523292600653,-31.54375,177.139304329194,-1.01453268637674
"Plantago erecta",59,2017,85,NA,99,"W",99,0.858585858585859,0.00245,0.01125,0.00465,0.01835,25.3186776247086,0.0240786040895487,-30.736,130.662559618025,0.9525,1.1005,3.0495,5.1025,14.5394233402544,0.075090169158551,0.0661523292600653,-31.54375,177.139304329194,-1.01453268637674
"Plantago erecta",99,2017,81,NA,99,"D",99,0.818181818181818,0.00245,0.01125,0.00465,0.01835,25.3186776247086,0.0240786040895487,-30.736,130.662559618025,0.9525,1.1005,3.0495,5.1025,14.5394233402544,0.075090169158551,0.0661523292600653,-31.54375,177.139304329194,-1.01453268637674
"Plantago erecta",84,2016,81,"",84,"C",84,0.964285714285714,0.00245,0.01125,0.00465,0.01835,25.3186776247086,0.0240786040895487,-30.736,130.662559618025,0.9525,1.1005,3.0495,5.1025,14.5394233402544,0.075090169158551,0.0661523292600653,-31.54375,177.139304329194,-1.01453268637674
"Plantago erecta",98,2016,97,"",84,"C",97,1,0.00245,0.01125,0.00465,0.01835,25.3186776247086,0.0240786040895487,-30.736,130.662559618025,0.9525,1.1005,3.0495,5.1025,14.5394233402544,0.075090169158551,0.0661523292600653,-31.54375,177.139304329194,-1.01453268637674
"Plantago erecta",99,2016,60,"",84,"D",84,0.714285714285714,0.00245,0.01125,0.00465,0.01835,25.3186776247086,0.0240786040895487,-30.736,130.662559618025,0.9525,1.1005,3.0495,5.1025,14.5394233402544,0.075090169158551,0.0661523292600653,-31.54375,177.139304329194,-1.01453268637674
"Plantago erecta",85,2016,75,"",84,"D",84,0.892857142857143,0.00245,0.01125,0.00465,0.01835,25.3186776247086,0.0240786040895487,-30.736,130.662559618025,0.9525,1.1005,3.0495,5.1025,14.5394233402544,0.075090169158551,0.0661523292600653,-31.54375,177.139304329194,-1.01453268637674
"Plantago erecta",92,2017,63,NA,99,"C",99,0.636363636363636,0.00245,0.01125,0.00465,0.01835,25.3186776247086,0.0240786040895487,-30.736,130.662559618025,0.9525,1.1005,3.0495,5.1025,14.5394233402544,0.075090169158551,0.0661523292600653,-31.54375,177.139304329194,-1.01453268637674
"Plantago erecta",91,2016,72,"",84,"D",84,0.857142857142857,0.00245,0.01125,0.00465,0.01835,25.3186776247086,0.0240786040895487,-30.736,130.662559618025,0.9525,1.1005,3.0495,5.1025,14.5394233402544,0.075090169158551,0.0661523292600653,-31.54375,177.139304329194,-1.01453268637674
"Plantago erecta",91,2017,79,NA,99,"D",99,0.797979797979798,0.00245,0.01125,0.00465,0.01835,25.3186776247086,0.0240786040895487,-30.736,130.662559618025,0.9525,1.1005,3.0495,5.1025,14.5394233402544,0.075090169158551,0.0661523292600653,-31.54375,177.139304329194,-1.01453268637674
"Plantago erecta",30,2016,86,"",84,"C",86,1,0.00245,0.01125,0.00465,0.01835,25.3186776247086,0.0240786040895487,-30.736,130.662559618025,0.9525,1.1005,3.0495,5.1025,14.5394233402544,0.075090169158551,0.0661523292600653,-31.54375,177.139304329194,-1.01453268637674
